truck_id,driver_id,domicile_location_id,start_location_id,trailer_type,capacity_lbs,capacity_cuft,team_drivers,hos_drive_remaining_hr,hos_duty_remaining_hr,hos_cycle_remaining_hr,available_at,max_tour_days,cost_per_mile_usd,mpg
T0001,D0001,L004,L004,dry_van,45000,3800,False,10.3,13.7,69.8,2026-10-12T00:00,5,1.94,6.3
T0002,D0002,L030,L030,dry_van,45000,3800,False,8.4,10.7,35.1,2026-10-12T08:00,5,1.7,7.2
T0003,D0003,L038,L038,dry_van,45000,3800,False,9.3,12.5,36.1,2026-10-12T08:00,7,1.81,6.7
T0004,D0004,L015,L015,dry_van,45000,3800,False,9.6,12.2,41.1,2026-10-12T00:00,5,1.71,7.4
T0005,D0005,L037,L037,dry_van,45000,3800,False,8.4,9.5,55.8,2026-10-12T00:00,3,2.03,7.6
T0006,D0006,L005,L005,dry_van,45000,3800,False,6.4,9.4,30.7,2026-10-12T12:00,7,1.93,7.5
T0007,D0007,L024,L024,reefer,43000,3500,False,8.8,11.7,69.9,2026-10-12T00:00,5,1.94,6.4
T0008,D0008,L013,L013,reefer,43000,3500,False,7.5,11.3,50.4,2026-10-13T00:00,5,1.81,6.2
T0009,D0009,L007,L007,flatbed,48000,0,False,6.8,11.6,47.8,2026-10-12T12:00,5,1.9,7.1
T0010,D0010,L037,L037,dry_van,45000,3800,False,6.2,12.8,39.3,2026-10-12T00:00,5,1.82,6.3
T0011,D0011,L006,L006,flatbed,48000,0,False,10.6,13.4,31.6,2026-10-12T04:00,5,1.7,7.7
T0012,D0012,L027,L027,dry_van,45000,3800,False,8.7,9.9,56.1,2026-10-12T08:00,5,1.91,7.6
T0013,D0013,L002,L002,dry_van,45000,3800,False,8.6,10.8,64.7,2026-10-12T00:00,5,2.01,7.6
T0014,D0014,L001,L001,reefer,43000,3500,False,6.4,12.2,38.5,2026-10-12T00:00,5,1.72,7.2
T0015,D0015,L034,L034,dry_van,45000,3800,False,9.6,11.4,49.2,2026-10-12T00:00,5,1.92,7.2
T0016,D0016,L014,L014,dry_van,45000,3800,False,6.8,12.1,31.6,2026-10-12T08:00,7,1.72,6.5
T0017,D0017,L038,L038,dry_van,45000,3800,False,9.2,13.4,59.1,2026-10-12T08:00,5,2.08,6.5
T0018,D0018,L026,L026,dry_van,45000,3800,False,10.2,12.0,61.8,2026-10-12T00:00,5,1.93,7.0
T0019,D0019,L005,L005,dry_van,45000,3800,False,9.0,10.1,45.4,2026-10-12T08:00,3,1.66,7.0
T0020,D0020,L038,L038,dry_van,45000,3800,False,6.5,11.4,54.6,2026-10-12T08:00,3,2.04,7.1
T0021,D0021,L033,L033,dry_van,45000,3800,False,8.7,9.0,67.5,2026-10-12T08:00,5,1.88,6.8
T0022,D0022,L001,L001,dry_van,45000,3800,False,8.4,12.8,44.0,2026-10-13T00:00,7,1.69,6.4
T0023,D0023,L017,L017,dry_van,45000,3800,False,9.0,11.7,40.3,2026-10-12T00:00,3,1.97,7.5
T0024,D0024,L024,L024,dry_van,45000,3800,True,7.0,13.0,46.4,2026-10-12T12:00,3,1.72,7.2
T0025,D0025,L007,L007,reefer,43000,3500,False,9.1,14.0,45.9,2026-10-12T00:00,5,1.84,7.5
T0026,D0026,L018,L018,dry_van,45000,3800,False,10.9,11.9,61.0,2026-10-12T00:00,5,1.98,7.6
T0027,D0027,L028,L028,reefer,43000,3500,False,10.7,9.5,50.3,2026-10-12T12:00,5,2.01,7.2
T0028,D0028,L031,L031,dry_van,45000,3800,False,6.0,9.5,35.8,2026-10-12T12:00,7,1.85,6.3
T0029,D0029,L007,L007,dry_van,45000,3800,True,10.7,11.0,56.2,2026-10-12T04:00,5,1.97,7.2
T0030,D0030,L039,L039,reefer,43000,3500,False,6.1,13.3,67.2,2026-10-12T04:00,7,1.78,6.3
T0031,D0031,L025,L025,dry_van,45000,3800,False,9.4,10.8,56.2,2026-10-12T00:00,5,1.69,6.6
T0032,D0032,L013,L013,dry_van,45000,3800,False,8.6,12.7,32.7,2026-10-12T00:00,3,1.9,7.4
T0033,D0033,L023,L023,dry_van,45000,3800,False,7.4,12.0,37.8,2026-10-13T00:00,5,1.91,6.6
T0034,D0034,L014,L014,dry_van,45000,3800,True,7.7,9.6,50.5,2026-10-12T00:00,5,2.04,7.5
T0035,D0035,L024,L024,dry_van,45000,3800,False,8.4,10.2,43.6,2026-10-12T08:00,5,1.96,7.6
T0036,D0036,L036,L036,dry_van,45000,3800,False,9.2,14.0,57.1,2026-10-12T04:00,5,2.01,6.9
T0037,D0037,L011,L011,dry_van,45000,3800,False,7.2,9.5,56.9,2026-10-12T00:00,5,1.68,7.7
T0038,D0038,L017,L017,dry_van,45000,3800,False,6.9,12.7,67.2,2026-10-12T00:00,5,1.87,6.5
T0039,D0039,L032,L032,reefer,43000,3500,False,10.2,13.2,44.2,2026-10-12T00:00,3,1.7,6.3
T0040,D0040,L040,L040,dry_van,45000,3800,True,8.7,9.2,49.3,2026-10-13T00:00,7,1.79,7.6
T0041,D0041,L037,L037,dry_van,45000,3800,False,10.9,13.6,41.2,2026-10-12T00:00,5,1.99,6.4
T0042,D0042,L020,L020,dry_van,45000,3800,False,8.5,11.0,57.5,2026-10-12T00:00,5,1.86,6.4
T0043,D0043,L020,L020,dry_van,45000,3800,True,7.1,11.9,43.0,2026-10-12T12:00,7,2.04,6.5
T0044,D0044,L008,L008,dry_van,45000,3800,False,7.8,11.5,38.4,2026-10-12T00:00,5,1.81,6.8
T0045,D0045,L016,L016,dry_van,45000,3800,False,7.1,9.5,40.8,2026-10-12T12:00,5,1.9,7.6
T0046,D0046,L006,L006,reefer,43000,3500,False,10.0,9.9,50.0,2026-10-12T04:00,7,1.89,6.7
T0047,D0047,L018,L018,dry_van,45000,3800,False,8.0,12.5,32.4,2026-10-12T00:00,5,1.86,7.2
T0048,D0048,L016,L016,dry_van,45000,3800,False,8.8,13.1,43.8,2026-10-12T08:00,5,1.7,7.6
T0049,D0049,L040,L040,dry_van,45000,3800,False,8.7,13.9,41.4,2026-10-12T12:00,5,1.95,7.0
T0050,D0050,L032,L032,reefer,43000,3500,False,8.3,13.8,64.7,2026-10-12T00:00,5,1.84,7.2
T0051,D0051,L014,L014,flatbed,48000,0,True,7.1,10.6,41.7,2026-10-12T00:00,5,1.92,6.8
T0052,D0052,L038,L038,reefer,43000,3500,False,8.9,13.8,46.6,2026-10-12T12:00,5,2.03,6.4
T0053,D0053,L007,L007,dry_van,45000,3800,False,6.4,9.8,34.1,2026-10-12T12:00,3,2.07,7.0
T0054,D0054,L002,L002,reefer,43000,3500,False,6.5,12.1,33.4,2026-10-12T00:00,5,1.79,6.6
T0055,D0055,L009,L009,dry_van,45000,3800,False,6.9,9.2,44.3,2026-10-13T00:00,5,2.04,6.9
T0056,D0056,L037,L037,flatbed,48000,0,False,10.8,12.5,37.1,2026-10-12T00:00,7,1.86,7.4
T0057,D0057,L037,L037,dry_van,45000,3800,False,7.5,10.7,51.6,2026-10-12T08:00,3,1.85,6.8
T0058,D0058,L008,L008,dry_van,45000,3800,True,9.8,9.7,41.5,2026-10-13T00:00,7,1.65,7.7
T0059,D0059,L039,L039,dry_van,45000,3800,True,10.0,12.0,61.9,2026-10-12T04:00,7,1.82,6.9
T0060,D0060,L023,L023,dry_van,45000,3800,False,9.2,13.1,38.8,2026-10-12T12:00,3,1.84,6.6
T0061,D0061,L033,L033,flatbed,48000,0,False,7.4,12.2,51.3,2026-10-12T12:00,5,1.84,7.6
T0062,D0062,L006,L006,dry_van,45000,3800,False,8.3,12.5,49.7,2026-10-12T08:00,5,1.66,6.3
T0063,D0063,L021,L021,dry_van,45000,3800,False,6.6,11.2,30.3,2026-10-12T00:00,3,1.72,7.0
T0064,D0064,L011,L011,dry_van,45000,3800,False,8.3,13.0,43.2,2026-10-12T00:00,5,1.68,7.4
T0065,D0065,L002,L002,dry_van,45000,3800,False,7.3,10.9,30.5,2026-10-13T00:00,5,1.82,7.8
T0066,D0066,L007,L007,flatbed,48000,0,False,9.9,11.6,69.3,2026-10-12T12:00,5,1.83,7.7
T0067,D0067,L039,L039,dry_van,45000,3800,False,10.7,11.6,40.1,2026-10-12T12:00,5,1.74,7.6
T0068,D0068,L036,L036,dry_van,45000,3800,False,8.2,9.1,61.8,2026-10-12T12:00,7,1.7,7.5
T0069,D0069,L001,L001,dry_van,45000,3800,False,9.4,9.8,60.8,2026-10-12T04:00,5,1.72,6.3
T0070,D0070,L026,L026,flatbed,48000,0,False,6.3,10.8,36.2,2026-10-12T12:00,7,2.01,6.4
T0071,D0071,L007,L007,flatbed,48000,0,False,7.7,13.5,59.3,2026-10-13T00:00,3,1.96,6.8
T0072,D0072,L005,L005,reefer,43000,3500,False,8.8,11.7,49.6,2026-10-12T04:00,7,1.73,6.8
T0073,D0073,L032,L032,dry_van,45000,3800,False,8.8,9.3,36.2,2026-10-13T00:00,5,2.02,7.1
T0074,D0074,L016,L016,reefer,43000,3500,False,6.9,9.1,64.3,2026-10-12T12:00,7,1.76,7.4
T0075,D0075,L028,L028,dry_van,45000,3800,False,9.4,12.8,36.2,2026-10-12T08:00,5,1.8,7.2
T0076,D0076,L003,L003,dry_van,45000,3800,True,10.7,9.9,31.3,2026-10-13T00:00,3,1.87,6.4
T0077,D0077,L024,L024,reefer,43000,3500,False,9.1,12.0,32.0,2026-10-12T08:00,5,1.92,6.3
T0078,D0078,L039,L039,dry_van,45000,3800,False,6.4,13.0,32.4,2026-10-13T00:00,7,1.98,7.6
T0079,D0079,L034,L034,reefer,43000,3500,True,7.3,9.2,32.8,2026-10-12T08:00,5,1.69,6.5
T0080,D0080,L020,L020,dry_van,45000,3800,False,6.9,11.6,40.0,2026-10-12T04:00,5,1.9,7.1
T0081,D0081,L032,L032,reefer,43000,3500,False,8.3,12.3,65.3,2026-10-12T12:00,5,2.01,7.1
T0082,D0082,L019,L019,dry_van,45000,3800,False,8.2,10.8,42.6,2026-10-12T08:00,5,2.03,6.9
T0083,D0083,L027,L027,reefer,43000,3500,False,8.8,10.1,60.6,2026-10-12T00:00,5,1.81,6.9
T0084,D0084,L040,L040,dry_van,45000,3800,True,9.0,11.6,69.7,2026-10-12T00:00,5,1.65,7.8
T0085,D0085,L007,L007,dry_van,45000,3800,False,10.1,13.6,50.5,2026-10-12T12:00,7,2.07,6.4
T0086,D0086,L001,L001,dry_van,45000,3800,False,10.4,10.2,40.2,2026-10-12T00:00,5,1.69,6.8
T0087,D0087,L038,L038,reefer,43000,3500,False,8.4,11.4,66.0,2026-10-13T00:00,7,2.02,6.4
T0088,D0088,L028,L028,dry_van,45000,3800,False,6.4,9.3,60.8,2026-10-12T04:00,5,2.05,6.9
T0089,D0089,L039,L039,dry_van,45000,3800,False,9.3,12.0,30.5,2026-10-12T12:00,5,1.67,7.0
T0090,D0090,L010,L010,dry_van,45000,3800,False,7.1,9.3,59.3,2026-10-12T12:00,5,2.09,7.4
T0091,D0091,L024,L024,dry_van,45000,3800,False,8.0,9.7,33.3,2026-10-13T00:00,7,1.99,7.1
T0092,D0092,L008,L008,dry_van,45000,3800,False,6.7,9.7,52.4,2026-10-12T12:00,5,1.83,7.1
T0093,D0093,L023,L023,flatbed,48000,0,False,6.4,12.9,42.9,2026-10-12T00:00,7,1.69,7.3
T0094,D0094,L015,L015,dry_van,45000,3800,False,9.3,12.8,36.8,2026-10-12T08:00,5,1.93,7.8
T0095,D0095,L016,L016,dry_van,45000,3800,True,7.2,12.4,36.2,2026-10-13T00:00,3,1.7,6.3
T0096,D0096,L039,L039,flatbed,48000,0,False,7.4,10.7,62.2,2026-10-13T00:00,5,1.85,6.2
T0097,D0097,L006,L006,dry_van,45000,3800,False,9.8,11.7,54.9,2026-10-12T08:00,5,1.96,7.3
T0098,D0098,L012,L012,flatbed,48000,0,False,6.9,10.4,61.6,2026-10-12T00:00,7,1.77,6.9
T0099,D0099,L039,L039,dry_van,45000,3800,False,10.3,12.3,64.6,2026-10-12T12:00,3,1.78,7.6
T0100,D0100,L013,L013,flatbed,48000,0,False,6.5,10.6,64.7,2026-10-12T12:00,7,1.69,6.5
T0101,D0101,L040,L040,dry_van,45000,3800,False,7.2,11.6,43.3,2026-10-12T00:00,5,1.98,6.2
T0102,D0102,L030,L030,dry_van,45000,3800,False,7.4,9.3,40.3,2026-10-12T08:00,5,2.05,7.5
T0103,D0103,L001,L001,dry_van,45000,3800,False,7.7,11.0,35.5,2026-10-12T00:00,5,1.88,7.3
T0104,D0104,L037,L037,dry_van,45000,3800,False,6.8,13.9,66.4,2026-10-12T08:00,5,1.85,6.4
T0105,D0105,L028,L028,dry_van,45000,3800,False,10.3,10.5,58.2,2026-10-12T00:00,7,2.06,6.9
T0106,D0106,L038,L038,reefer,43000,3500,False,10.6,10.6,52.3,2026-10-12T08:00,3,1.73,7.5
T0107,D0107,L005,L005,dry_van,45000,3800,False,10.8,10.5,59.8,2026-10-12T04:00,5,1.72,6.5
T0108,D0108,L005,L005,dry_van,45000,3800,False,7.3,11.8,39.2,2026-10-12T08:00,5,1.75,6.2
T0109,D0109,L002,L002,reefer,43000,3500,False,9.0,12.6,45.0,2026-10-13T00:00,5,1.87,6.4
T0110,D0110,L006,L006,dry_van,45000,3800,False,10.6,13.8,38.9,2026-10-12T00:00,5,1.99,6.3
T0111,D0111,L038,L038,flatbed,48000,0,False,9.4,13.3,65.5,2026-10-12T04:00,5,1.83,6.3
T0112,D0112,L032,L032,dry_van,45000,3800,False,10.7,11.9,51.4,2026-10-12T08:00,3,1.88,6.9
T0113,D0113,L034,L034,dry_van,45000,3800,False,8.7,13.9,31.6,2026-10-12T08:00,5,1.88,7.2
T0114,D0114,L002,L002,dry_van,45000,3800,False,9.9,10.4,36.7,2026-10-12T00:00,5,1.93,6.3
T0115,D0115,L020,L020,dry_van,45000,3800,False,6.5,11.5,37.2,2026-10-12T04:00,7,2.07,7.3
T0116,D0116,L005,L005,dry_van,45000,3800,False,8.3,13.5,65.8,2026-10-12T00:00,5,1.69,6.7
T0117,D0117,L028,L028,reefer,43000,3500,False,6.6,9.6,48.0,2026-10-12T12:00,5,1.69,7.3
T0118,D0118,L032,L032,flatbed,48000,0,False,7.9,10.9,60.7,2026-10-12T00:00,5,1.9,7.3
T0119,D0119,L005,L005,reefer,43000,3500,False,6.3,10.5,59.2,2026-10-12T12:00,5,1.78,6.5
T0120,D0120,L038,L038,flatbed,48000,0,True,7.3,11.3,64.2,2026-10-13T00:00,7,2.01,7.2
T0121,D0121,L018,L018,dry_van,45000,3800,False,8.1,9.4,54.0,2026-10-12T04:00,5,2.05,6.6
T0122,D0122,L027,L027,reefer,43000,3500,False,6.7,12.3,31.5,2026-10-12T00:00,3,1.95,7.5
T0123,D0123,L009,L009,flatbed,48000,0,True,11.0,9.8,41.4,2026-10-12T04:00,7,1.91,7.1
T0124,D0124,L040,L040,reefer,43000,3500,False,6.5,10.5,44.7,2026-10-12T00:00,5,2.02,7.4
T0125,D0125,L035,L035,dry_van,45000,3800,False,9.5,10.4,51.1,2026-10-12T00:00,7,1.74,6.5
T0126,D0126,L002,L002,dry_van,45000,3800,False,10.9,11.4,57.5,2026-10-12T08:00,5,1.84,7.6
T0127,D0127,L008,L008,dry_van,45000,3800,False,9.1,11.5,59.2,2026-10-12T00:00,5,1.87,6.5
T0128,D0128,L026,L026,reefer,43000,3500,False,6.6,11.3,61.9,2026-10-12T00:00,5,2.01,7.8
T0129,D0129,L014,L014,dry_van,45000,3800,False,7.1,12.2,57.6,2026-10-12T12:00,5,2.01,6.7
T0130,D0130,L019,L019,dry_van,45000,3800,True,7.7,11.0,52.8,2026-10-12T12:00,3,2.02,6.5
T0131,D0131,L035,L035,flatbed,48000,0,False,10.0,12.2,49.3,2026-10-12T04:00,5,2.05,7.1
T0132,D0132,L011,L011,reefer,43000,3500,False,6.3,11.6,52.6,2026-10-12T12:00,5,1.9,6.2
T0133,D0133,L024,L024,dry_van,45000,3800,False,7.8,13.8,41.2,2026-10-13T00:00,3,1.8,6.8
T0134,D0134,L021,L021,dry_van,45000,3800,False,9.0,13.3,60.1,2026-10-12T00:00,5,1.97,6.6
T0135,D0135,L002,L002,reefer,43000,3500,False,10.8,10.1,42.1,2026-10-13T00:00,3,1.82,6.3
T0136,D0136,L006,L006,dry_van,45000,3800,False,8.4,11.5,37.6,2026-10-13T00:00,5,1.98,7.0
T0137,D0137,L033,L033,dry_van,45000,3800,False,10.9,11.6,69.7,2026-10-13T00:00,5,1.98,6.9
T0138,D0138,L032,L032,dry_van,45000,3800,True,9.4,12.0,33.5,2026-10-12T00:00,5,2.05,6.4
T0139,D0139,L033,L033,reefer,43000,3500,True,7.6,13.5,42.8,2026-10-13T00:00,5,1.78,7.1
T0140,D0140,L033,L033,dry_van,45000,3800,False,7.4,9.1,54.9,2026-10-12T00:00,7,1.7,7.1
T0141,D0141,L022,L022,dry_van,45000,3800,False,7.4,10.2,32.8,2026-10-13T00:00,7,2.05,7.1
T0142,D0142,L002,L002,dry_van,45000,3800,False,6.5,9.3,47.1,2026-10-12T00:00,5,1.97,7.6
T0143,D0143,L027,L027,dry_van,45000,3800,False,7.6,13.1,58.5,2026-10-12T00:00,7,1.69,7.7
T0144,D0144,L033,L033,dry_van,45000,3800,False,10.6,11.3,48.2,2026-10-13T00:00,5,1.86,7.7
T0145,D0145,L005,L005,reefer,43000,3500,False,8.0,12.5,56.6,2026-10-12T00:00,5,1.85,6.2
T0146,D0146,L017,L017,dry_van,45000,3800,False,7.4,10.7,53.0,2026-10-12T00:00,7,1.7,7.5
T0147,D0147,L034,L034,dry_van,45000,3800,False,7.5,11.3,53.6,2026-10-13T00:00,5,1.93,7.1
T0148,D0148,L040,L040,dry_van,45000,3800,False,9.5,11.2,69.2,2026-10-13T00:00,7,2.0,7.1
T0149,D0149,L007,L007,dry_van,45000,3800,True,8.9,11.4,53.7,2026-10-12T12:00,5,1.8,6.4
T0150,D0150,L016,L016,dry_van,45000,3800,False,6.5,13.1,60.9,2026-10-12T08:00,5,1.8,7.2
T0151,D0151,L002,L002,dry_van,45000,3800,False,10.5,12.2,30.0,2026-10-12T08:00,5,1.95,6.9
T0152,D0152,L009,L009,dry_van,45000,3800,False,9.4,10.6,52.8,2026-10-12T00:00,5,2.06,7.7
T0153,D0153,L032,L032,flatbed,48000,0,False,6.0,13.9,46.2,2026-10-12T08:00,5,2.03,6.3
T0154,D0154,L038,L038,flatbed,48000,0,True,10.1,10.8,64.4,2026-10-12T08:00,3,1.76,7.3
T0155,D0155,L013,L013,dry_van,45000,3800,False,8.2,10.1,36.9,2026-10-12T04:00,5,1.73,6.8
T0156,D0156,L038,L038,reefer,43000,3500,False,9.4,9.7,32.9,2026-10-13T00:00,3,1.71,7.6
T0157,D0157,L028,L028,flatbed,48000,0,False,9.2,11.1,48.2,2026-10-12T00:00,7,2.07,7.2
T0158,D0158,L016,L016,dry_van,45000,3800,False,7.8,9.9,54.2,2026-10-12T04:00,7,1.87,7.4
T0159,D0159,L032,L032,dry_van,45000,3800,False,7.8,13.9,52.7,2026-10-12T08:00,5,1.7,7.0
T0160,D0160,L031,L031,dry_van,45000,3800,False,10.9,12.9,48.6,2026-10-13T00:00,3,1.89,7.2
T0161,D0161,L007,L007,dry_van,45000,3800,False,6.4,12.2,61.9,2026-10-12T12:00,5,1.93,7.6
T0162,D0162,L021,L021,dry_van,45000,3800,False,8.9,10.7,44.1,2026-10-12T04:00,5,1.78,6.3
T0163,D0163,L038,L038,reefer,43000,3500,False,7.3,12.1,53.1,2026-10-12T08:00,7,1.67,7.8
T0164,D0164,L034,L034,dry_van,45000,3800,False,6.6,9.4,61.4,2026-10-12T00:00,5,1.71,6.6
T0165,D0165,L036,L036,dry_van,45000,3800,False,10.6,12.7,56.4,2026-10-12T00:00,5,2.01,6.6
T0166,D0166,L031,L031,dry_van,45000,3800,False,6.2,13.9,68.7,2026-10-13T00:00,7,2.07,6.4
T0167,D0167,L018,L018,flatbed,48000,0,False,9.3,12.6,36.7,2026-10-12T00:00,7,1.98,6.8
T0168,D0168,L028,L028,reefer,43000,3500,False,8.3,11.4,49.1,2026-10-12T00:00,7,1.76,7.3
T0169,D0169,L013,L013,dry_van,45000,3800,False,6.1,13.6,48.0,2026-10-12T04:00,5,2.08,7.3
T0170,D0170,L001,L001,flatbed,48000,0,False,8.2,13.6,64.3,2026-10-13T00:00,5,1.77,7.5
T0171,D0171,L007,L007,dry_van,45000,3800,False,9.7,12.7,53.5,2026-10-12T12:00,5,1.88,7.3
T0172,D0172,L040,L040,dry_van,45000,3800,True,10.2,9.1,33.9,2026-10-12T00:00,3,1.96,6.8
T0173,D0173,L032,L032,dry_van,45000,3800,True,6.5,13.7,56.3,2026-10-12T08:00,5,2.08,7.2
T0174,D0174,L032,L032,dry_van,45000,3800,False,7.9,12.8,55.9,2026-10-12T00:00,5,2.05,7.3
T0175,D0175,L007,L007,dry_van,45000,3800,False,8.3,14.0,60.8,2026-10-12T12:00,5,1.77,7.4
T0176,D0176,L008,L008,dry_van,45000,3800,False,7.3,13.1,37.1,2026-10-12T00:00,3,1.87,7.7
T0177,D0177,L026,L026,dry_van,45000,3800,False,8.7,11.2,54.6,2026-10-12T00:00,3,2.06,7.3
T0178,D0178,L003,L003,dry_van,45000,3800,False,9.9,9.1,49.9,2026-10-12T00:00,3,2.07,7.3
T0179,D0179,L008,L008,reefer,43000,3500,False,6.0,12.5,60.8,2026-10-12T08:00,5,1.85,7.6
T0180,D0180,L033,L033,reefer,43000,3500,False,7.9,12.4,61.2,2026-10-12T00:00,3,1.91,7.7
T0181,D0181,L012,L012,dry_van,45000,3800,False,11.0,12.2,44.6,2026-10-12T12:00,5,1.69,6.9
T0182,D0182,L033,L033,dry_van,45000,3800,False,10.8,12.3,42.0,2026-10-12T00:00,5,2.05,7.2
T0183,D0183,L012,L012,dry_van,45000,3800,False,6.9,9.2,31.0,2026-10-12T12:00,7,1.76,6.8
T0184,D0184,L034,L034,dry_van,45000,3800,False,10.1,13.8,30.7,2026-10-13T00:00,5,1.68,7.5
T0185,D0185,L001,L001,dry_van,45000,3800,False,8.6,13.7,64.8,2026-10-12T12:00,7,1.72,7.1
T0186,D0186,L038,L038,dry_van,45000,3800,False,6.1,13.5,54.7,2026-10-12T12:00,5,1.97,6.4
T0187,D0187,L006,L006,dry_van,45000,3800,False,6.5,12.1,63.4,2026-10-13T00:00,3,2.02,6.4
T0188,D0188,L018,L018,reefer,43000,3500,False,7.0,10.7,63.4,2026-10-13T00:00,5,1.8,7.8
T0189,D0189,L024,L024,dry_van,45000,3800,False,7.1,9.2,36.9,2026-10-13T00:00,3,1.7,6.4
T0190,D0190,L014,L014,dry_van,45000,3800,False,7.2,11.9,35.3,2026-10-12T04:00,7,1.82,6.5
T0191,D0191,L037,L037,dry_van,45000,3800,True,9.5,12.0,41.3,2026-10-12T00:00,5,1.96,6.5
T0192,D0192,L027,L027,dry_van,45000,3800,False,9.1,9.2,37.2,2026-10-12T00:00,5,1.93,6.3
T0193,D0193,L034,L034,dry_van,45000,3800,False,7.2,9.6,51.2,2026-10-12T08:00,3,1.93,7.6
T0194,D0194,L040,L040,dry_van,45000,3800,False,9.3,10.4,37.7,2026-10-12T12:00,5,1.96,7.7
T0195,D0195,L017,L017,dry_van,45000,3800,False,6.3,10.8,38.4,2026-10-12T00:00,5,1.8,7.5
T0196,D0196,L033,L033,dry_van,45000,3800,False,6.9,12.9,49.4,2026-10-12T08:00,3,1.68,6.6
T0197,D0197,L016,L016,dry_van,45000,3800,False,9.4,10.6,61.2,2026-10-12T12:00,5,1.75,6.6
T0198,D0198,L014,L014,dry_van,45000,3800,False,8.4,11.4,65.6,2026-10-12T00:00,5,1.75,7.2
T0199,D0199,L006,L006,dry_van,45000,3800,False,9.2,13.9,38.1,2026-10-12T00:00,5,1.66,7.1
T0200,D0200,L009,L009,dry_van,45000,3800,False,6.9,10.7,65.5,2026-10-12T04:00,7,1.72,7.5
T0201,D0201,L039,L039,flatbed,48000,0,False,10.3,9.4,64.3,2026-10-12T08:00,5,2.04,6.5
T0202,D0202,L017,L017,dry_van,45000,3800,True,9.7,10.2,43.1,2026-10-12T04:00,7,1.75,7.7
T0203,D0203,L039,L039,flatbed,48000,0,False,10.9,9.2,48.8,2026-10-12T04:00,7,1.67,7.0
T0204,D0204,L017,L017,reefer,43000,3500,False,8.5,9.4,60.1,2026-10-12T04:00,5,2.08,6.4
T0205,D0205,L009,L009,dry_van,45000,3800,False,9.3,9.8,48.4,2026-10-12T04:00,7,1.99,6.2
T0206,D0206,L016,L016,reefer,43000,3500,False,6.9,13.4,55.1,2026-10-12T04:00,3,2.04,6.3
T0207,D0207,L038,L038,dry_van,45000,3800,True,9.8,12.5,54.5,2026-10-12T04:00,7,2.01,7.5
T0208,D0208,L002,L002,reefer,43000,3500,False,8.6,13.6,44.6,2026-10-12T00:00,3,1.7,6.8
T0209,D0209,L026,L026,dry_van,45000,3800,False,9.5,11.8,60.9,2026-10-12T08:00,5,2.09,6.6
T0210,D0210,L004,L004,dry_van,45000,3800,False,10.4,12.5,60.1,2026-10-12T08:00,5,1.79,7.6
T0211,D0211,L019,L019,dry_van,45000,3800,True,7.7,11.4,51.1,2026-10-12T00:00,3,1.86,7.1
T0212,D0212,L034,L034,reefer,43000,3500,False,10.0,13.7,62.4,2026-10-12T00:00,3,1.73,7.6
T0213,D0213,L002,L002,dry_van,45000,3800,False,6.5,10.4,57.9,2026-10-12T00:00,5,1.72,6.5
T0214,D0214,L039,L039,dry_van,45000,3800,False,8.7,9.7,43.9,2026-10-12T12:00,5,1.98,6.2
T0215,D0215,L006,L006,dry_van,45000,3800,False,10.7,12.2,46.5,2026-10-13T00:00,5,1.95,7.5
T0216,D0216,L018,L018,dry_van,45000,3800,False,8.2,10.5,35.3,2026-10-12T08:00,5,1.73,6.6
T0217,D0217,L018,L018,flatbed,48000,0,False,6.7,10.4,68.2,2026-10-12T00:00,7,2.07,7.3
T0218,D0218,L009,L009,flatbed,48000,0,False,10.5,13.0,36.5,2026-10-12T12:00,3,1.67,6.7
T0219,D0219,L004,L004,dry_van,45000,3800,False,9.5,12.3,69.1,2026-10-12T08:00,5,1.82,7.1
T0220,D0220,L005,L005,dry_van,45000,3800,False,10.7,12.8,67.9,2026-10-12T04:00,5,1.72,7.8
T0221,D0221,L022,L022,dry_van,45000,3800,False,8.4,10.4,67.8,2026-10-12T00:00,7,1.95,7.5
T0222,D0222,L032,L032,flatbed,48000,0,False,9.7,13.5,35.6,2026-10-12T00:00,7,1.7,6.2
T0223,D0223,L026,L026,dry_van,45000,3800,False,6.3,12.2,53.3,2026-10-12T00:00,5,2.0,7.4
T0224,D0224,L006,L006,dry_van,45000,3800,False,9.4,9.4,50.5,2026-10-12T12:00,5,1.87,7.2
T0225,D0225,L019,L019,dry_van,45000,3800,False,6.7,13.3,44.8,2026-10-12T04:00,5,1.66,6.8
T0226,D0226,L010,L010,dry_van,45000,3800,False,9.6,11.2,69.7,2026-10-12T00:00,5,1.78,7.5
T0227,D0227,L040,L040,dry_van,45000,3800,False,10.2,12.0,35.7,2026-10-12T00:00,5,1.86,7.6
T0228,D0228,L040,L040,dry_van,45000,3800,False,7.9,9.0,55.6,2026-10-13T00:00,5,1.84,7.1
T0229,D0229,L032,L032,reefer,43000,3500,False,10.2,10.4,49.6,2026-10-12T00:00,5,2.03,6.7
T0230,D0230,L023,L023,dry_van,45000,3800,True,6.8,10.5,55.6,2026-10-12T00:00,5,1.71,7.3
T0231,D0231,L009,L009,dry_van,45000,3800,False,7.2,9.6,41.1,2026-10-12T12:00,3,1.92,6.8
T0232,D0232,L018,L018,dry_van,45000,3800,False,8.4,12.5,34.8,2026-10-12T12:00,7,1.98,6.2
T0233,D0233,L008,L008,dry_van,45000,3800,False,10.4,9.7,36.5,2026-10-12T04:00,5,1.81,7.2
T0234,D0234,L039,L039,dry_van,45000,3800,False,10.7,11.6,60.7,2026-10-12T12:00,5,1.99,7.2
T0235,D0235,L005,L005,dry_van,45000,3800,False,9.4,10.5,57.4,2026-10-13T00:00,5,1.69,7.1
T0236,D0236,L034,L034,dry_van,45000,3800,False,9.9,11.1,66.8,2026-10-12T00:00,5,1.7,6.4
T0237,D0237,L007,L007,dry_van,45000,3800,False,9.4,13.8,63.8,2026-10-12T08:00,7,1.97,7.5
T0238,D0238,L014,L014,flatbed,48000,0,False,10.6,11.4,42.5,2026-10-12T00:00,5,1.71,6.9
T0239,D0239,L040,L040,dry_van,45000,3800,False,9.5,9.1,62.6,2026-10-12T00:00,5,1.71,7.3
T0240,D0240,L031,L031,dry_van,45000,3800,False,8.1,12.8,34.5,2026-10-12T00:00,3,2.0,7.4
T0241,D0241,L001,L001,dry_van,45000,3800,False,9.0,11.3,66.3,2026-10-12T08:00,3,1.68,7.3
T0242,D0242,L033,L033,reefer,43000,3500,False,8.9,10.0,56.8,2026-10-12T00:00,3,1.69,7.6
T0243,D0243,L039,L039,flatbed,48000,0,False,10.3,12.9,54.5,2026-10-12T00:00,7,1.91,6.4
T0244,D0244,L024,L024,dry_van,45000,3800,False,10.8,9.9,60.2,2026-10-12T00:00,3,2.09,6.4
T0245,D0245,L007,L007,dry_van,45000,3800,False,9.5,9.9,56.9,2026-10-12T00:00,3,1.73,6.8
T0246,D0246,L013,L013,dry_van,45000,3800,False,9.8,10.6,48.6,2026-10-12T00:00,7,1.71,7.4
T0247,D0247,L032,L032,dry_van,45000,3800,True,8.5,10.9,48.3,2026-10-12T00:00,5,1.96,7.5
T0248,D0248,L007,L007,dry_van,45000,3800,False,6.9,9.3,63.6,2026-10-12T04:00,5,2.07,6.8
T0249,D0249,L001,L001,dry_van,45000,3800,False,8.2,12.3,33.4,2026-10-12T04:00,5,1.83,7.3
T0250,D0250,L040,L040,reefer,43000,3500,False,6.3,13.9,43.5,2026-10-12T00:00,7,2.03,6.8
T0251,D0251,L007,L007,dry_van,45000,3800,False,9.6,11.9,40.9,2026-10-13T00:00,5,1.81,7.3
T0252,D0252,L039,L039,flatbed,48000,0,False,9.8,9.5,40.0,2026-10-12T00:00,5,1.75,7.7
T0253,D0253,L001,L001,reefer,43000,3500,False,9.4,13.9,45.3,2026-10-12T04:00,5,1.72,7.2
T0254,D0254,L003,L003,dry_van,45000,3800,False,8.5,11.3,41.7,2026-10-13T00:00,5,1.87,6.6
T0255,D0255,L011,L011,reefer,43000,3500,False,6.2,11.2,66.6,2026-10-13T00:00,5,1.85,7.6
T0256,D0256,L016,L016,dry_van,45000,3800,False,10.3,10.5,58.2,2026-10-12T12:00,5,1.84,6.7
T0257,D0257,L013,L013,reefer,43000,3500,False,9.3,12.4,52.9,2026-10-12T04:00,5,1.9,6.5
T0258,D0258,L002,L002,dry_van,45000,3800,False,9.1,10.8,69.1,2026-10-12T04:00,5,1.68,7.1
T0259,D0259,L004,L004,dry_van,45000,3800,False,6.1,13.5,43.7,2026-10-12T08:00,3,1.84,7.8
T0260,D0260,L014,L014,dry_van,45000,3800,False,9.2,12.0,66.4,2026-10-12T00:00,3,2.04,6.4
T0261,D0261,L006,L006,dry_van,45000,3800,True,10.3,11.8,66.1,2026-10-12T12:00,5,1.66,7.0
T0262,D0262,L001,L001,dry_van,45000,3800,False,8.9,13.0,34.0,2026-10-12T00:00,5,1.8,7.0
T0263,D0263,L033,L033,dry_van,45000,3800,False,10.8,10.0,55.4,2026-10-12T00:00,3,2.03,7.1
T0264,D0264,L009,L009,dry_van,45000,3800,False,10.0,12.1,68.3,2026-10-12T04:00,7,1.69,6.7
T0265,D0265,L002,L002,reefer,43000,3500,False,7.7,9.4,62.9,2026-10-12T00:00,7,2.01,6.9
T0266,D0266,L021,L021,dry_van,45000,3800,False,8.6,12.4,51.9,2026-10-12T08:00,3,1.93,7.0
T0267,D0267,L006,L006,dry_van,45000,3800,False,9.7,11.3,67.5,2026-10-13T00:00,7,2.01,7.6
T0268,D0268,L038,L038,flatbed,48000,0,False,8.6,10.8,35.9,2026-10-12T00:00,5,1.99,7.4
T0269,D0269,L035,L035,dry_van,45000,3800,False,9.2,13.2,40.7,2026-10-12T00:00,5,1.94,6.6
T0270,D0270,L025,L025,dry_van,45000,3800,False,6.1,13.0,42.4,2026-10-12T00:00,5,1.9,6.9
T0271,D0271,L028,L028,dry_van,45000,3800,False,6.1,12.9,41.1,2026-10-12T00:00,7,1.73,7.6
T0272,D0272,L040,L040,dry_van,45000,3800,True,10.5,10.6,41.9,2026-10-13T00:00,3,2.06,6.9
T0273,D0273,L012,L012,dry_van,45000,3800,False,9.6,9.7,34.5,2026-10-13T00:00,7,2.07,7.0
T0274,D0274,L034,L034,flatbed,48000,0,False,8.5,9.5,54.0,2026-10-12T00:00,5,1.8,7.1
T0275,D0275,L013,L013,reefer,43000,3500,False,7.1,9.5,38.6,2026-10-12T04:00,5,1.85,6.6
T0276,D0276,L025,L025,dry_van,45000,3800,False,7.6,11.1,57.3,2026-10-12T00:00,5,2.05,7.7
T0277,D0277,L012,L012,reefer,43000,3500,False,9.2,13.5,31.4,2026-10-12T00:00,3,1.96,7.5
T0278,D0278,L007,L007,dry_van,45000,3800,False,7.8,13.1,34.9,2026-10-12T12:00,5,2.04,6.8
T0279,D0279,L038,L038,dry_van,45000,3800,False,7.5,13.7,60.3,2026-10-12T00:00,5,1.74,7.6
T0280,D0280,L038,L038,dry_van,45000,3800,False,9.2,12.9,41.0,2026-10-13T00:00,3,2.02,7.7
T0281,D0281,L017,L017,dry_van,45000,3800,False,8.1,13.6,34.0,2026-10-12T12:00,5,1.96,7.0
T0282,D0282,L011,L011,dry_van,45000,3800,False,7.6,12.5,60.5,2026-10-12T12:00,5,1.93,7.5
T0283,D0283,L005,L005,dry_van,45000,3800,False,8.9,9.6,40.0,2026-10-12T00:00,5,2.03,7.3
T0284,D0284,L034,L034,dry_van,45000,3800,False,6.7,9.9,53.7,2026-10-12T12:00,5,2.01,6.5
T0285,D0285,L014,L014,dry_van,45000,3800,False,10.4,10.1,67.9,2026-10-13T00:00,7,1.94,7.2
T0286,D0286,L038,L038,flatbed,48000,0,False,10.3,9.2,54.7,2026-10-12T12:00,7,1.77,6.3
T0287,D0287,L012,L012,flatbed,48000,0,False,8.6,12.9,67.1,2026-10-12T12:00,5,1.7,7.3
T0288,D0288,L006,L006,reefer,43000,3500,False,9.7,10.9,47.3,2026-10-12T00:00,5,1.92,7.8
T0289,D0289,L009,L009,dry_van,45000,3800,False,10.0,9.1,69.0,2026-10-12T04:00,5,1.93,7.7
T0290,D0290,L012,L012,dry_van,45000,3800,False,8.3,13.4,69.0,2026-10-12T00:00,5,1.96,7.3
T0291,D0291,L032,L032,reefer,43000,3500,False,8.8,9.3,67.2,2026-10-12T00:00,5,2.06,7.8
T0292,D0292,L039,L039,flatbed,48000,0,False,10.0,9.0,50.2,2026-10-12T12:00,5,1.79,6.8
T0293,D0293,L012,L012,flatbed,48000,0,False,6.9,9.8,49.7,2026-10-12T08:00,5,2.05,6.4
T0294,D0294,L010,L010,dry_van,45000,3800,False,7.6,13.9,50.0,2026-10-12T00:00,5,1.99,7.7
T0295,D0295,L009,L009,reefer,43000,3500,False,10.6,11.6,47.4,2026-10-13T00:00,5,1.79,7.8
T0296,D0296,L033,L033,dry_van,45000,3800,False,9.2,11.2,37.6,2026-10-12T12:00,3,1.75,6.3
T0297,D0297,L008,L008,reefer,43000,3500,False,6.2,10.8,58.4,2026-10-12T04:00,5,1.86,6.4
T0298,D0298,L032,L032,dry_van,45000,3800,False,10.3,9.9,36.7,2026-10-12T00:00,7,2.02,7.1
T0299,D0299,L029,L029,dry_van,45000,3800,False,8.6,11.9,46.7,2026-10-12T00:00,3,1.76,7.0
T0300,D0300,L003,L003,dry_van,45000,3800,False,6.6,10.9,67.2,2026-10-12T12:00,3,2.03,6.4
T0301,D0301,L002,L002,reefer,43000,3500,False,9.1,10.3,56.3,2026-10-12T04:00,5,2.09,7.2
T0302,D0302,L039,L039,dry_van,45000,3800,False,10.5,13.0,35.2,2026-10-12T12:00,3,2.01,6.7
T0303,D0303,L034,L034,reefer,43000,3500,False,7.9,11.0,37.1,2026-10-12T08:00,5,1.69,7.6
T0304,D0304,L005,L005,reefer,43000,3500,False,10.8,9.8,41.9,2026-10-13T00:00,5,1.98,7.7
T0305,D0305,L038,L038,dry_van,45000,3800,False,10.2,11.6,49.6,2026-10-12T00:00,5,1.86,7.1
T0306,D0306,L015,L015,reefer,43000,3500,False,6.9,12.2,33.7,2026-10-12T08:00,7,1.8,6.9
T0307,D0307,L007,L007,dry_van,45000,3800,False,8.6,12.2,33.4,2026-10-12T04:00,5,1.85,7.7
T0308,D0308,L017,L017,dry_van,45000,3800,False,10.2,11.6,41.8,2026-10-12T00:00,3,1.9,7.7
T0309,D0309,L019,L019,dry_van,45000,3800,False,9.3,11.8,40.1,2026-10-12T04:00,5,1.91,7.4
T0310,D0310,L001,L001,reefer,43000,3500,False,6.9,11.0,33.3,2026-10-13T00:00,5,1.79,7.4
T0311,D0311,L033,L033,dry_van,45000,3800,False,10.8,13.4,37.5,2026-10-12T00:00,5,1.69,7.8
T0312,D0312,L008,L008,dry_van,45000,3800,False,6.0,9.6,36.9,2026-10-12T00:00,5,1.86,6.8
T0313,D0313,L028,L028,reefer,43000,3500,False,9.1,13.9,44.4,2026-10-12T00:00,5,2.01,6.3
T0314,D0314,L005,L005,dry_van,45000,3800,False,10.9,13.3,38.4,2026-10-12T12:00,5,1.94,6.9
T0315,D0315,L027,L027,reefer,43000,3500,False,9.8,9.7,46.9,2026-10-12T00:00,3,1.72,6.4
T0316,D0316,L032,L032,flatbed,48000,0,False,8.2,10.2,41.8,2026-10-13T00:00,5,1.67,6.2
T0317,D0317,L027,L027,reefer,43000,3500,False,8.5,11.9,59.2,2026-10-13T00:00,5,1.67,6.8
T0318,D0318,L019,L019,reefer,43000,3500,False,10.3,10.2,32.4,2026-10-13T00:00,3,1.84,6.7
T0319,D0319,L002,L002,reefer,43000,3500,False,6.6,12.1,55.8,2026-10-12T04:00,5,1.96,6.2
T0320,D0320,L009,L009,dry_van,45000,3800,False,8.5,11.9,57.4,2026-10-12T00:00,7,2.03,7.3
T0321,D0321,L017,L017,reefer,43000,3500,False,10.8,13.2,56.9,2026-10-12T04:00,5,2.01,7.5
T0322,D0322,L035,L035,dry_van,45000,3800,False,6.4,11.4,36.9,2026-10-12T12:00,5,1.92,6.4
T0323,D0323,L014,L014,flatbed,48000,0,False,8.8,14.0,44.4,2026-10-12T00:00,5,1.81,6.5
T0324,D0324,L034,L034,reefer,43000,3500,True,7.7,9.6,39.1,2026-10-12T00:00,7,1.75,6.6
T0325,D0325,L011,L011,dry_van,45000,3800,True,7.3,9.8,57.6,2026-10-12T08:00,7,1.92,6.4
T0326,D0326,L002,L002,flatbed,48000,0,False,9.8,13.9,61.3,2026-10-13T00:00,7,2.0,7.7
T0327,D0327,L034,L034,dry_van,45000,3800,False,6.6,10.0,44.5,2026-10-12T12:00,5,1.97,7.4
T0328,D0328,L019,L019,reefer,43000,3500,False,7.7,9.7,63.9,2026-10-12T00:00,5,2.09,7.4
T0329,D0329,L001,L001,reefer,43000,3500,False,8.5,9.4,44.9,2026-10-12T00:00,5,1.81,7.3
T0330,D0330,L005,L005,reefer,43000,3500,False,6.7,11.1,66.7,2026-10-12T00:00,5,2.08,7.0
T0331,D0331,L030,L030,flatbed,48000,0,False,6.0,13.0,67.7,2026-10-13T00:00,3,1.8,6.8
T0332,D0332,L033,L033,dry_van,45000,3800,False,9.3,12.2,66.1,2026-10-12T00:00,3,2.09,7.8
T0333,D0333,L034,L034,reefer,43000,3500,False,8.0,12.4,52.1,2026-10-12T04:00,5,1.97,6.7
T0334,D0334,L011,L011,reefer,43000,3500,False,10.6,12.5,47.8,2026-10-12T08:00,5,2.05,7.2
T0335,D0335,L026,L026,dry_van,45000,3800,False,9.9,11.0,37.9,2026-10-13T00:00,5,1.69,7.1
T0336,D0336,L013,L013,reefer,43000,3500,False,11.0,10.4,33.7,2026-10-12T08:00,7,1.79,6.7
T0337,D0337,L027,L027,dry_van,45000,3800,False,9.0,10.2,61.0,2026-10-12T08:00,5,2.09,6.4
T0338,D0338,L002,L002,dry_van,45000,3800,False,6.6,12.8,67.7,2026-10-12T00:00,5,1.78,7.4
T0339,D0339,L016,L016,flatbed,48000,0,False,8.8,13.5,55.1,2026-10-12T08:00,7,2.03,6.6
T0340,D0340,L009,L009,dry_van,45000,3800,False,9.4,12.6,50.8,2026-10-12T08:00,5,1.7,7.0
T0341,D0341,L006,L006,reefer,43000,3500,False,9.6,13.1,33.3,2026-10-12T00:00,3,1.84,6.4
T0342,D0342,L007,L007,dry_van,45000,3800,False,8.9,11.6,45.8,2026-10-12T04:00,5,1.91,7.2
T0343,D0343,L040,L040,dry_van,45000,3800,False,10.9,13.1,35.8,2026-10-12T12:00,5,1.87,6.9
T0344,D0344,L040,L040,dry_van,45000,3800,False,7.1,11.4,59.9,2026-10-12T12:00,7,1.82,7.7
T0345,D0345,L025,L025,dry_van,45000,3800,False,7.4,11.6,34.7,2026-10-12T08:00,5,2.1,6.7
T0346,D0346,L018,L018,reefer,43000,3500,False,8.1,13.7,42.2,2026-10-12T08:00,5,1.75,7.5
T0347,D0347,L018,L018,dry_van,45000,3800,False,6.2,11.4,42.4,2026-10-13T00:00,5,2.06,7.5
T0348,D0348,L017,L017,reefer,43000,3500,False,6.7,12.2,60.5,2026-10-13T00:00,5,1.72,7.4
T0349,D0349,L003,L003,dry_van,45000,3800,False,7.2,11.0,51.6,2026-10-12T04:00,5,1.98,7.2
T0350,D0350,L036,L036,reefer,43000,3500,False,9.9,10.5,55.8,2026-10-13T00:00,7,1.69,7.7
T0351,D0351,L021,L021,reefer,43000,3500,False,6.9,11.4,65.9,2026-10-12T08:00,3,1.95,7.1
T0352,D0352,L040,L040,dry_van,45000,3800,False,9.5,13.4,47.8,2026-10-13T00:00,7,1.92,6.8
T0353,D0353,L002,L002,reefer,43000,3500,True,6.9,9.1,51.1,2026-10-12T04:00,5,1.77,6.4
T0354,D0354,L003,L003,dry_van,45000,3800,False,9.8,9.8,68.1,2026-10-12T00:00,5,1.68,7.7
T0355,D0355,L006,L006,reefer,43000,3500,False,7.6,11.1,43.0,2026-10-12T00:00,5,2.07,7.6
T0356,D0356,L002,L002,dry_van,45000,3800,False,8.5,12.8,45.4,2026-10-12T00:00,3,1.77,6.7
T0357,D0357,L022,L022,dry_van,45000,3800,True,7.2,13.4,40.8,2026-10-12T12:00,7,1.95,6.6
T0358,D0358,L022,L022,reefer,43000,3500,False,8.2,13.2,50.0,2026-10-12T04:00,5,1.82,7.8
T0359,D0359,L033,L033,dry_van,45000,3800,False,8.3,9.0,48.6,2026-10-12T08:00,7,1.78,7.8
T0360,D0360,L001,L001,flatbed,48000,0,False,7.3,12.4,70.0,2026-10-12T08:00,5,1.91,7.0
T0361,D0361,L002,L002,reefer,43000,3500,False,6.4,12.5,63.2,2026-10-12T00:00,7,2.1,7.6
T0362,D0362,L006,L006,dry_van,45000,3800,False,10.7,12.2,69.2,2026-10-12T12:00,5,1.77,7.3
T0363,D0363,L010,L010,dry_van,45000,3800,False,6.1,12.5,55.9,2026-10-12T00:00,3,1.92,6.2
T0364,D0364,L001,L001,dry_van,45000,3800,False,9.5,12.8,51.5,2026-10-12T12:00,3,1.89,7.6
T0365,D0365,L034,L034,dry_van,45000,3800,False,7.9,12.0,45.5,2026-10-13T00:00,3,1.71,6.8
T0366,D0366,L006,L006,dry_van,45000,3800,False,7.4,13.6,44.3,2026-10-13T00:00,3,2.02,7.2
T0367,D0367,L034,L034,dry_van,45000,3800,False,6.2,11.5,58.2,2026-10-12T00:00,7,1.74,6.5
T0368,D0368,L034,L034,dry_van,45000,3800,False,8.5,9.9,37.8,2026-10-12T08:00,7,1.95,7.2
T0369,D0369,L006,L006,dry_van,45000,3800,False,7.3,11.8,39.1,2026-10-12T00:00,7,1.98,6.6
T0370,D0370,L035,L035,dry_van,45000,3800,False,8.7,10.3,52.4,2026-10-12T12:00,5,1.65,6.9
T0371,D0371,L030,L030,dry_van,45000,3800,False,8.2,14.0,41.0,2026-10-12T00:00,7,1.86,6.8
T0372,D0372,L033,L033,reefer,43000,3500,False,10.6,11.7,42.6,2026-10-12T00:00,5,1.74,6.3
T0373,D0373,L024,L024,dry_van,45000,3800,False,8.1,9.4,40.0,2026-10-12T12:00,5,1.8,6.3
T0374,D0374,L027,L027,dry_van,45000,3800,False,9.0,12.1,43.4,2026-10-12T00:00,5,1.76,7.0
T0375,D0375,L040,L040,reefer,43000,3500,False,10.0,13.7,61.0,2026-10-12T08:00,7,1.85,6.4
T0376,D0376,L016,L016,dry_van,45000,3800,False,7.9,13.5,57.7,2026-10-12T00:00,5,1.68,7.5
T0377,D0377,L002,L002,dry_van,45000,3800,False,9.4,11.8,41.8,2026-10-12T00:00,5,1.83,7.2
T0378,D0378,L014,L014,reefer,43000,3500,False,6.1,10.9,61.8,2026-10-12T08:00,7,1.93,6.7
T0379,D0379,L039,L039,reefer,43000,3500,False,8.9,9.5,30.5,2026-10-12T00:00,3,1.92,7.5
T0380,D0380,L038,L038,dry_van,45000,3800,False,8.1,12.6,47.8,2026-10-12T00:00,5,1.71,6.3
T0381,D0381,L004,L004,dry_van,45000,3800,False,9.8,10.6,65.4,2026-10-12T12:00,5,1.72,6.7
T0382,D0382,L011,L011,dry_van,45000,3800,True,9.3,9.7,39.5,2026-10-12T08:00,7,2.04,6.9
T0383,D0383,L006,L006,dry_van,45000,3800,False,6.3,9.9,49.0,2026-10-13T00:00,5,1.92,6.7
T0384,D0384,L024,L024,flatbed,48000,0,False,7.6,9.5,65.0,2026-10-12T04:00,3,1.87,7.7
T0385,D0385,L027,L027,dry_van,45000,3800,False,7.2,12.7,68.1,2026-10-12T00:00,5,2.01,6.8
T0386,D0386,L014,L014,reefer,43000,3500,True,6.4,9.2,34.6,2026-10-12T00:00,5,1.85,7.2
T0387,D0387,L038,L038,dry_van,45000,3800,False,7.0,9.9,65.4,2026-10-12T00:00,5,1.8,7.1
T0388,D0388,L006,L006,dry_van,45000,3800,False,6.1,12.4,45.2,2026-10-12T00:00,3,1.8,6.5
T0389,D0389,L016,L016,dry_van,45000,3800,False,10.7,13.9,69.9,2026-10-12T00:00,5,2.05,6.3
T0390,D0390,L005,L005,flatbed,48000,0,False,8.7,12.5,42.7,2026-10-12T00:00,5,2.09,6.6
T0391,D0391,L002,L002,dry_van,45000,3800,False,7.5,9.7,39.9,2026-10-12T08:00,5,2.04,7.6
T0392,D0392,L040,L040,reefer,43000,3500,False,9.9,13.0,54.6,2026-10-12T00:00,5,1.88,7.4
T0393,D0393,L028,L028,dry_van,45000,3800,False,6.9,12.6,51.0,2026-10-12T04:00,5,1.97,7.0
T0394,D0394,L008,L008,dry_van,45000,3800,False,9.2,10.0,65.8,2026-10-12T08:00,5,2.04,6.8
T0395,D0395,L009,L009,reefer,43000,3500,False,7.9,11.8,35.4,2026-10-13T00:00,3,1.78,7.0
T0396,D0396,L007,L007,dry_van,45000,3800,False,8.1,11.3,46.4,2026-10-12T00:00,5,1.79,6.8
T0397,D0397,L006,L006,dry_van,45000,3800,False,10.5,10.5,50.1,2026-10-12T00:00,7,1.94,7.5
T0398,D0398,L038,L038,dry_van,45000,3800,True,8.7,10.7,57.0,2026-10-12T00:00,5,1.79,7.5
T0399,D0399,L030,L030,dry_van,45000,3800,False,11.0,12.8,59.6,2026-10-12T00:00,5,1.65,6.7
T0400,D0400,L034,L034,reefer,43000,3500,False,10.1,12.8,30.5,2026-10-12T04:00,7,2.1,7.7
T0401,D0401,L036,L036,dry_van,45000,3800,False,8.4,11.6,61.4,2026-10-12T00:00,5,1.98,6.9
T0402,D0402,L034,L034,dry_van,45000,3800,False,10.7,11.1,47.5,2026-10-13T00:00,7,1.66,6.4
T0403,D0403,L037,L037,dry_van,45000,3800,False,10.1,13.2,43.6,2026-10-12T04:00,5,1.84,7.4
T0404,D0404,L033,L033,dry_van,45000,3800,False,6.1,12.9,66.9,2026-10-12T08:00,5,2.09,7.8
T0405,D0405,L023,L023,reefer,43000,3500,False,10.3,13.9,38.2,2026-10-12T08:00,5,1.68,6.8
T0406,D0406,L017,L017,dry_van,45000,3800,False,10.5,9.5,34.2,2026-10-12T12:00,7,1.73,7.5
T0407,D0407,L025,L025,dry_van,45000,3800,False,7.4,10.2,56.4,2026-10-12T04:00,3,1.85,6.8
T0408,D0408,L001,L001,dry_van,45000,3800,False,6.8,9.6,51.5,2026-10-12T04:00,5,1.98,6.8
T0409,D0409,L038,L038,dry_van,45000,3800,False,8.2,12.5,49.0,2026-10-12T00:00,7,1.91,6.7
T0410,D0410,L006,L006,reefer,43000,3500,False,6.0,9.7,32.6,2026-10-12T00:00,5,1.92,6.6
T0411,D0411,L011,L011,dry_van,45000,3800,False,8.9,12.7,41.5,2026-10-12T04:00,5,1.81,7.5
T0412,D0412,L034,L034,dry_van,45000,3800,False,6.9,10.2,66.0,2026-10-13T00:00,5,1.86,7.7
T0413,D0413,L006,L006,dry_van,45000,3800,False,7.2,13.4,41.0,2026-10-12T00:00,7,1.78,7.7
T0414,D0414,L031,L031,reefer,43000,3500,False,8.1,12.8,34.8,2026-10-12T04:00,5,1.68,6.4
T0415,D0415,L033,L033,dry_van,45000,3800,False,7.0,9.2,31.1,2026-10-12T00:00,5,1.82,7.4
T0416,D0416,L036,L036,dry_van,45000,3800,True,9.5,9.7,56.8,2026-10-12T00:00,5,1.87,6.3
T0417,D0417,L022,L022,dry_van,45000,3800,False,8.4,10.4,36.5,2026-10-12T00:00,3,1.92,6.5
T0418,D0418,L004,L004,reefer,43000,3500,False,9.8,12.4,36.1,2026-10-12T12:00,5,1.73,7.3
T0419,D0419,L038,L038,dry_van,45000,3800,False,10.2,13.1,55.6,2026-10-12T00:00,3,1.83,6.7
T0420,D0420,L002,L002,dry_van,45000,3800,False,7.0,10.2,66.4,2026-10-13T00:00,5,1.69,6.9
T0421,D0421,L040,L040,dry_van,45000,3800,False,6.3,13.8,33.9,2026-10-12T12:00,5,1.98,6.3
T0422,D0422,L019,L019,reefer,43000,3500,False,6.9,10.0,51.7,2026-10-12T12:00,5,1.7,6.5
T0423,D0423,L012,L012,dry_van,45000,3800,False,6.1,10.1,38.8,2026-10-12T00:00,5,1.94,6.8
T0424,D0424,L002,L002,dry_van,45000,3800,False,8.5,14.0,58.5,2026-10-12T08:00,7,1.73,7.7
T0425,D0425,L025,L025,flatbed,48000,0,False,10.6,12.9,35.3,2026-10-12T12:00,5,1.94,7.6
T0426,D0426,L010,L010,reefer,43000,3500,False,6.1,13.6,48.0,2026-10-12T00:00,7,1.94,6.6
T0427,D0427,L025,L025,flatbed,48000,0,False,9.8,9.6,39.5,2026-10-12T08:00,5,1.99,7.2
T0428,D0428,L002,L002,dry_van,45000,3800,False,7.9,12.2,39.5,2026-10-12T00:00,7,2.09,6.9
T0429,D0429,L037,L037,dry_van,45000,3800,False,9.8,11.6,69.1,2026-10-13T00:00,5,1.99,6.6
T0430,D0430,L032,L032,dry_van,45000,3800,False,10.5,12.3,39.9,2026-10-12T00:00,5,1.92,6.8
T0431,D0431,L010,L010,dry_van,45000,3800,True,8.5,13.8,32.1,2026-10-13T00:00,5,2.07,6.4
T0432,D0432,L006,L006,dry_van,45000,3800,False,7.2,9.4,59.0,2026-10-12T00:00,5,1.72,6.5
T0433,D0433,L015,L015,dry_van,45000,3800,False,8.2,12.2,40.9,2026-10-12T08:00,5,1.69,7.8
T0434,D0434,L013,L013,dry_van,45000,3800,False,9.0,11.2,36.2,2026-10-12T08:00,5,1.66,6.8
T0435,D0435,L036,L036,reefer,43000,3500,False,8.7,11.8,37.0,2026-10-12T08:00,5,1.86,6.9
T0436,D0436,L012,L012,dry_van,45000,3800,True,9.6,10.0,66.6,2026-10-12T00:00,3,1.66,7.0
T0437,D0437,L032,L032,dry_van,45000,3800,False,10.9,10.9,49.6,2026-10-12T04:00,7,1.68,7.6
T0438,D0438,L040,L040,dry_van,45000,3800,False,7.0,11.2,40.2,2026-10-12T00:00,5,1.88,7.0
T0439,D0439,L031,L031,dry_van,45000,3800,False,9.7,10.2,31.4,2026-10-12T04:00,5,1.93,7.3
T0440,D0440,L031,L031,dry_van,45000,3800,False,10.7,9.7,39.9,2026-10-12T04:00,7,2.08,7.5
T0441,D0441,L001,L001,reefer,43000,3500,False,8.0,11.9,66.0,2026-10-12T04:00,7,2.06,7.6
T0442,D0442,L005,L005,dry_van,45000,3800,False,10.8,12.3,45.3,2026-10-12T08:00,5,1.98,7.4
T0443,D0443,L038,L038,reefer,43000,3500,False,9.9,10.7,35.7,2026-10-12T08:00,5,2.07,6.8
T0444,D0444,L010,L010,flatbed,48000,0,False,6.5,12.9,46.7,2026-10-12T00:00,5,1.94,7.4
T0445,D0445,L006,L006,dry_van,45000,3800,False,8.4,11.5,34.4,2026-10-12T00:00,7,2.02,6.5
T0446,D0446,L002,L002,dry_van,45000,3800,False,10.9,13.4,47.6,2026-10-12T00:00,7,1.7,7.2
T0447,D0447,L002,L002,dry_van,45000,3800,False,7.7,11.9,49.1,2026-10-12T00:00,3,1.65,6.6
T0448,D0448,L039,L039,dry_van,45000,3800,False,6.5,11.6,30.3,2026-10-12T00:00,7,1.88,7.7
T0449,D0449,L008,L008,dry_van,45000,3800,False,8.1,10.9,65.6,2026-10-12T08:00,5,2.02,7.7
T0450,D0450,L029,L029,dry_van,45000,3800,True,10.4,13.0,30.1,2026-10-12T00:00,5,1.98,7.6
T0451,D0451,L005,L005,dry_van,45000,3800,False,10.8,12.8,39.9,2026-10-12T00:00,5,1.93,7.3
T0452,D0452,L017,L017,dry_van,45000,3800,False,10.8,13.1,30.7,2026-10-12T12:00,5,2.04,7.8
T0453,D0453,L032,L032,dry_van,45000,3800,False,8.0,12.1,33.3,2026-10-12T04:00,5,2.07,7.7
T0454,D0454,L017,L017,dry_van,45000,3800,False,9.7,10.5,37.8,2026-10-12T00:00,5,2.04,7.6
T0455,D0455,L033,L033,reefer,43000,3500,True,10.0,10.5,56.9,2026-10-12T04:00,7,2.09,6.9
T0456,D0456,L038,L038,flatbed,48000,0,False,7.2,10.1,60.1,2026-10-12T08:00,3,1.7,7.8
T0457,D0457,L001,L001,flatbed,48000,0,False,9.8,10.1,40.3,2026-10-12T04:00,5,2.08,7.3
T0458,D0458,L029,L029,flatbed,48000,0,False,6.5,12.5,64.9,2026-10-12T04:00,7,1.99,7.2
T0459,D0459,L028,L028,dry_van,45000,3800,False,9.6,12.3,61.4,2026-10-12T12:00,5,2.01,6.6
T0460,D0460,L004,L004,dry_van,45000,3800,False,9.0,9.9,67.7,2026-10-12T12:00,7,1.82,7.6
T0461,D0461,L039,L039,dry_van,45000,3800,True,9.0,9.9,45.5,2026-10-12T00:00,5,1.79,6.8
T0462,D0462,L030,L030,reefer,43000,3500,False,9.0,9.5,30.4,2026-10-12T08:00,5,1.79,7.5
T0463,D0463,L009,L009,dry_van,45000,3800,False,9.0,9.7,56.6,2026-10-12T00:00,3,1.92,6.7
T0464,D0464,L040,L040,dry_van,45000,3800,False,8.9,12.2,38.6,2026-10-12T12:00,5,1.97,6.8
T0465,D0465,L040,L040,dry_van,45000,3800,False,10.2,13.7,39.0,2026-10-12T00:00,3,2.07,7.4
T0466,D0466,L036,L036,reefer,43000,3500,False,9.3,13.2,69.6,2026-10-13T00:00,7,1.83,6.9
T0467,D0467,L017,L017,dry_van,45000,3800,False,8.6,10.4,57.9,2026-10-12T00:00,5,1.97,7.1
T0468,D0468,L003,L003,dry_van,45000,3800,False,10.0,13.2,58.4,2026-10-13T00:00,5,1.94,7.1
T0469,D0469,L016,L016,dry_van,45000,3800,False,7.1,12.7,59.4,2026-10-12T00:00,3,1.81,7.6
T0470,D0470,L003,L003,reefer,43000,3500,False,10.8,11.1,63.7,2026-10-12T04:00,3,1.69,7.8
T0471,D0471,L006,L006,dry_van,45000,3800,False,7.7,11.2,35.9,2026-10-12T12:00,5,1.76,6.4
T0472,D0472,L013,L013,dry_van,45000,3800,False,9.3,10.9,57.7,2026-10-12T00:00,3,2.0,7.6
T0473,D0473,L028,L028,dry_van,45000,3800,False,6.1,9.6,34.9,2026-10-12T00:00,7,1.75,7.1
T0474,D0474,L040,L040,dry_van,45000,3800,False,10.0,9.9,49.4,2026-10-12T00:00,5,1.78,6.4
T0475,D0475,L010,L010,reefer,43000,3500,False,6.9,13.1,30.8,2026-10-12T08:00,7,2.02,7.5
T0476,D0476,L021,L021,dry_van,45000,3800,False,9.6,13.0,35.0,2026-10-12T08:00,5,2.08,7.6
T0477,D0477,L006,L006,dry_van,45000,3800,False,8.2,10.6,31.6,2026-10-12T08:00,7,1.74,6.5
T0478,D0478,L023,L023,reefer,43000,3500,True,8.5,10.8,51.8,2026-10-12T00:00,5,2.09,7.3
T0479,D0479,L007,L007,dry_van,45000,3800,False,7.5,11.7,35.6,2026-10-13T00:00,5,1.96,7.0
T0480,D0480,L040,L040,dry_van,45000,3800,False,9.4,12.3,31.8,2026-10-12T00:00,3,1.73,6.7
T0481,D0481,L035,L035,flatbed,48000,0,False,9.0,10.4,59.2,2026-10-12T00:00,5,1.68,6.6
T0482,D0482,L013,L013,flatbed,48000,0,False,10.7,12.4,67.6,2026-10-12T00:00,5,1.89,6.3
T0483,D0483,L032,L032,flatbed,48000,0,False,9.6,11.8,55.9,2026-10-12T00:00,7,1.92,6.9
T0484,D0484,L005,L005,flatbed,48000,0,False,10.8,10.2,40.8,2026-10-12T00:00,7,1.7,7.1
T0485,D0485,L002,L002,dry_van,45000,3800,False,9.9,9.7,61.9,2026-10-12T00:00,5,1.65,6.8
T0486,D0486,L040,L040,dry_van,45000,3800,False,6.9,12.6,42.3,2026-10-12T00:00,5,1.69,6.8
T0487,D0487,L024,L024,dry_van,45000,3800,False,10.5,9.9,67.9,2026-10-12T00:00,5,1.73,7.5
T0488,D0488,L030,L030,reefer,43000,3500,False,8.0,12.0,40.4,2026-10-13T00:00,7,1.97,7.3
T0489,D0489,L005,L005,dry_van,45000,3800,False,9.2,10.9,61.1,2026-10-12T12:00,7,1.84,6.9
T0490,D0490,L015,L015,dry_van,45000,3800,False,7.4,11.1,67.7,2026-10-12T00:00,5,1.79,7.6
T0491,D0491,L039,L039,dry_van,45000,3800,False,9.2,9.4,39.6,2026-10-12T00:00,3,1.72,6.3
T0492,D0492,L032,L032,dry_van,45000,3800,False,6.1,13.7,57.1,2026-10-13T00:00,5,1.87,7.0
T0493,D0493,L040,L040,reefer,43000,3500,False,6.1,10.0,63.3,2026-10-12T04:00,3,1.97,7.3
T0494,D0494,L033,L033,dry_van,45000,3800,False,11.0,13.7,57.4,2026-10-13T00:00,3,1.92,7.7
T0495,D0495,L030,L030,reefer,43000,3500,False,6.9,10.8,35.3,2026-10-12T00:00,5,2.08,6.9
T0496,D0496,L013,L013,dry_van,45000,3800,False,7.2,11.7,60.7,2026-10-12T12:00,3,1.78,7.0
T0497,D0497,L008,L008,dry_van,45000,3800,False,7.1,10.5,67.3,2026-10-12T04:00,7,2.02,6.3
T0498,D0498,L017,L017,dry_van,45000,3800,False,6.0,11.3,41.9,2026-10-12T00:00,3,1.65,7.6
T0499,D0499,L006,L006,dry_van,45000,3800,False,7.0,11.6,65.9,2026-10-12T04:00,5,1.71,7.0
T0500,D0500,L005,L005,dry_van,45000,3800,False,7.9,10.8,65.7,2026-10-12T04:00,7,2.02,6.4
T0501,D0501,L015,L015,reefer,43000,3500,False,9.7,9.0,65.3,2026-10-12T00:00,5,1.7,6.7
T0502,D0502,L005,L005,dry_van,45000,3800,False,6.8,10.0,49.2,2026-10-12T00:00,5,1.7,7.0
T0503,D0503,L018,L018,dry_van,45000,3800,False,9.8,13.4,50.1,2026-10-13T00:00,5,1.71,7.7
T0504,D0504,L034,L034,dry_van,45000,3800,False,9.8,10.2,57.1,2026-10-12T00:00,5,1.84,7.2
T0505,D0505,L001,L001,dry_van,45000,3800,False,9.8,10.2,36.1,2026-10-12T00:00,7,1.73,6.6
T0506,D0506,L004,L004,dry_van,45000,3800,False,10.1,10.0,58.3,2026-10-12T12:00,3,1.97,7.0
T0507,D0507,L006,L006,flatbed,48000,0,False,6.7,9.6,46.1,2026-10-12T12:00,5,2.1,7.7
T0508,D0508,L015,L015,dry_van,45000,3800,False,7.9,11.6,58.0,2026-10-12T00:00,5,1.75,6.9
T0509,D0509,L002,L002,dry_van,45000,3800,True,7.3,10.4,44.0,2026-10-12T00:00,5,1.76,7.6
T0510,D0510,L006,L006,dry_van,45000,3800,False,7.1,11.4,66.3,2026-10-12T00:00,3,1.84,6.6
T0511,D0511,L018,L018,dry_van,45000,3800,False,6.1,11.8,64.5,2026-10-12T12:00,5,1.81,7.5
T0512,D0512,L032,L032,dry_van,45000,3800,False,9.3,10.1,45.4,2026-10-12T00:00,3,1.71,7.4
T0513,D0513,L004,L004,dry_van,45000,3800,False,10.1,10.0,47.8,2026-10-12T12:00,3,1.68,7.1
T0514,D0514,L011,L011,reefer,43000,3500,False,8.7,9.8,35.1,2026-10-12T00:00,5,1.9,6.6
T0515,D0515,L037,L037,reefer,43000,3500,False,10.5,11.2,58.7,2026-10-12T00:00,5,1.68,6.9
T0516,D0516,L039,L039,dry_van,45000,3800,True,7.4,13.8,41.6,2026-10-12T08:00,7,1.68,7.8
T0517,D0517,L006,L006,reefer,43000,3500,False,10.4,13.9,36.6,2026-10-12T08:00,7,1.82,7.4
T0518,D0518,L014,L014,dry_van,45000,3800,False,8.9,12.0,30.4,2026-10-12T00:00,7,1.85,7.3
T0519,D0519,L020,L020,dry_van,45000,3800,False,7.3,9.6,39.0,2026-10-12T12:00,7,1.76,6.3
T0520,D0520,L005,L005,reefer,43000,3500,False,10.4,9.3,69.2,2026-10-12T00:00,5,1.89,6.2
T0521,D0521,L011,L011,dry_van,45000,3800,False,10.7,13.4,40.6,2026-10-12T00:00,5,1.83,7.2
T0522,D0522,L010,L010,dry_van,45000,3800,False,7.8,12.7,41.2,2026-10-13T00:00,5,2.09,7.1
T0523,D0523,L040,L040,reefer,43000,3500,False,9.6,12.4,67.8,2026-10-12T00:00,5,2.04,7.2
T0524,D0524,L022,L022,reefer,43000,3500,False,7.0,12.1,64.3,2026-10-12T00:00,5,1.72,6.6
T0525,D0525,L032,L032,dry_van,45000,3800,False,8.5,11.3,62.6,2026-10-12T00:00,5,1.73,7.0
T0526,D0526,L032,L032,dry_van,45000,3800,True,10.4,13.1,57.5,2026-10-12T00:00,5,1.68,6.3
T0527,D0527,L007,L007,flatbed,48000,0,False,9.6,9.7,60.0,2026-10-12T00:00,3,1.92,6.8
T0528,D0528,L001,L001,reefer,43000,3500,False,10.7,9.7,60.8,2026-10-12T12:00,5,1.71,7.2
T0529,D0529,L001,L001,flatbed,48000,0,False,8.7,13.1,64.1,2026-10-12T00:00,3,1.74,7.0
T0530,D0530,L023,L023,dry_van,45000,3800,False,8.4,10.2,51.7,2026-10-12T00:00,5,1.93,6.4
T0531,D0531,L034,L034,dry_van,45000,3800,False,10.4,11.1,30.0,2026-10-12T08:00,5,1.66,6.9
T0532,D0532,L005,L005,dry_van,45000,3800,False,7.9,13.4,62.9,2026-10-12T12:00,3,1.87,7.8
T0533,D0533,L007,L007,flatbed,48000,0,False,9.1,9.6,66.9,2026-10-12T00:00,3,2.05,7.2
T0534,D0534,L006,L006,dry_van,45000,3800,False,8.1,13.5,57.5,2026-10-12T12:00,7,2.02,6.8
T0535,D0535,L003,L003,flatbed,48000,0,False,10.1,12.6,33.1,2026-10-12T00:00,3,2.04,7.8
T0536,D0536,L033,L033,dry_van,45000,3800,False,9.6,12.9,49.1,2026-10-12T04:00,3,1.7,6.9
T0537,D0537,L032,L032,dry_van,45000,3800,False,6.9,10.9,42.8,2026-10-12T00:00,5,1.87,7.8
T0538,D0538,L025,L025,dry_van,45000,3800,False,10.6,10.9,52.0,2026-10-12T12:00,7,1.89,7.1
T0539,D0539,L034,L034,dry_van,45000,3800,False,8.6,12.9,62.5,2026-10-12T04:00,5,1.97,6.6
T0540,D0540,L001,L001,flatbed,48000,0,True,8.4,9.7,34.4,2026-10-12T08:00,5,1.81,7.6
T0541,D0541,L033,L033,dry_van,45000,3800,False,10.3,13.9,66.5,2026-10-13T00:00,5,1.74,6.6
T0542,D0542,L033,L033,dry_van,45000,3800,False,7.9,9.1,68.6,2026-10-12T00:00,5,1.67,6.4
T0543,D0543,L024,L024,dry_van,45000,3800,False,6.2,10.8,33.2,2026-10-12T00:00,3,1.66,7.5
T0544,D0544,L014,L014,reefer,43000,3500,False,9.7,12.5,42.0,2026-10-12T00:00,5,1.98,6.9
T0545,D0545,L028,L028,dry_van,45000,3800,False,10.4,9.2,60.0,2026-10-12T00:00,7,1.72,6.8
T0546,D0546,L015,L015,flatbed,48000,0,False,10.1,13.6,50.1,2026-10-12T12:00,5,1.84,6.5
T0547,D0547,L040,L040,dry_van,45000,3800,False,9.7,11.0,32.2,2026-10-12T00:00,5,1.73,7.4
T0548,D0548,L023,L023,reefer,43000,3500,False,8.4,12.3,46.2,2026-10-12T04:00,5,1.72,7.5
T0549,D0549,L028,L028,dry_van,45000,3800,False,7.8,12.9,43.4,2026-10-12T00:00,5,1.78,7.1
T0550,D0550,L002,L002,dry_van,45000,3800,False,6.9,10.0,67.2,2026-10-12T00:00,5,1.77,7.8
T0551,D0551,L023,L023,dry_van,45000,3800,False,6.2,9.5,42.3,2026-10-12T00:00,5,1.99,7.7
T0552,D0552,L019,L019,dry_van,45000,3800,False,10.9,12.5,33.9,2026-10-12T00:00,5,2.05,7.0
T0553,D0553,L019,L019,reefer,43000,3500,True,7.9,11.9,64.1,2026-10-13T00:00,5,1.72,7.3
T0554,D0554,L002,L002,dry_van,45000,3800,False,10.4,13.0,56.2,2026-10-12T00:00,5,2.1,7.0
T0555,D0555,L040,L040,dry_van,45000,3800,False,7.7,12.9,43.6,2026-10-13T00:00,5,1.93,7.7
T0556,D0556,L001,L001,reefer,43000,3500,False,7.0,12.1,33.0,2026-10-12T00:00,5,1.91,7.8
T0557,D0557,L003,L003,dry_van,45000,3800,False,8.7,13.8,61.3,2026-10-12T00:00,3,1.87,6.9
T0558,D0558,L006,L006,dry_van,45000,3800,True,7.8,9.4,37.2,2026-10-12T08:00,5,1.77,7.0
T0559,D0559,L007,L007,reefer,43000,3500,False,10.7,13.9,49.5,2026-10-12T00:00,5,2.04,6.8
T0560,D0560,L036,L036,flatbed,48000,0,False,8.6,12.1,42.5,2026-10-12T00:00,3,1.96,7.0
T0561,D0561,L008,L008,reefer,43000,3500,False,10.9,9.3,61.6,2026-10-12T08:00,7,1.65,7.6
T0562,D0562,L009,L009,dry_van,45000,3800,False,7.1,13.4,56.8,2026-10-12T00:00,5,1.86,7.2
T0563,D0563,L038,L038,dry_van,45000,3800,False,6.5,13.8,45.9,2026-10-12T12:00,5,1.74,6.7
T0564,D0564,L010,L010,flatbed,48000,0,False,9.7,9.6,48.2,2026-10-12T12:00,7,1.72,7.0
T0565,D0565,L028,L028,dry_van,45000,3800,True,9.9,9.3,62.3,2026-10-12T08:00,5,2.09,6.5
T0566,D0566,L006,L006,dry_van,45000,3800,False,7.3,12.2,33.3,2026-10-12T04:00,3,1.77,6.3
T0567,D0567,L037,L037,dry_van,45000,3800,False,9.3,10.3,63.2,2026-10-12T00:00,3,2.05,6.9
T0568,D0568,L040,L040,dry_van,45000,3800,False,8.4,11.7,61.4,2026-10-12T04:00,5,1.81,7.3
T0569,D0569,L013,L013,dry_van,45000,3800,False,7.0,12.6,53.1,2026-10-12T08:00,5,1.8,7.8
T0570,D0570,L039,L039,reefer,43000,3500,False,6.1,13.5,67.4,2026-10-12T00:00,5,2.04,6.4
T0571,D0571,L040,L040,dry_van,45000,3800,False,10.9,13.7,64.3,2026-10-12T00:00,5,1.94,7.1
T0572,D0572,L001,L001,reefer,43000,3500,False,8.7,9.8,45.1,2026-10-12T12:00,5,1.74,6.5
T0573,D0573,L030,L030,flatbed,48000,0,False,6.1,13.5,50.1,2026-10-12T00:00,3,1.96,7.2
T0574,D0574,L016,L016,dry_van,45000,3800,False,8.1,13.9,43.4,2026-10-12T08:00,5,1.86,6.8
T0575,D0575,L022,L022,dry_van,45000,3800,False,10.2,12.4,47.5,2026-10-12T00:00,5,1.97,7.7
T0576,D0576,L038,L038,dry_van,45000,3800,False,6.5,12.2,54.7,2026-10-13T00:00,5,1.7,7.4
T0577,D0577,L027,L027,dry_van,45000,3800,False,8.9,9.2,41.6,2026-10-12T08:00,5,1.75,7.4
T0578,D0578,L022,L022,dry_van,45000,3800,False,7.8,13.0,48.6,2026-10-12T00:00,5,1.65,6.8
T0579,D0579,L007,L007,dry_van,45000,3800,False,7.5,13.5,66.4,2026-10-12T00:00,5,1.65,7.7
T0580,D0580,L001,L001,dry_van,45000,3800,False,10.1,13.1,54.0,2026-10-13T00:00,5,1.73,7.1
T0581,D0581,L015,L015,dry_van,45000,3800,False,9.2,13.1,62.1,2026-10-12T08:00,7,1.84,7.7
T0582,D0582,L013,L013,reefer,43000,3500,False,8.6,11.2,34.0,2026-10-12T00:00,5,1.88,7.2
T0583,D0583,L033,L033,reefer,43000,3500,False,10.2,9.8,42.9,2026-10-12T00:00,3,1.69,6.9
T0584,D0584,L027,L027,dry_van,45000,3800,True,8.7,13.9,52.9,2026-10-12T12:00,3,1.98,6.4
T0585,D0585,L016,L016,dry_van,45000,3800,False,9.3,10.1,37.8,2026-10-12T00:00,5,1.98,7.5
T0586,D0586,L013,L013,dry_van,45000,3800,True,10.7,12.1,55.5,2026-10-12T00:00,7,2.04,6.4
T0587,D0587,L038,L038,dry_van,45000,3800,False,10.5,9.5,49.8,2026-10-12T00:00,5,2.06,6.5
T0588,D0588,L003,L003,reefer,43000,3500,False,10.8,9.4,57.5,2026-10-12T04:00,5,2.05,7.2
T0589,D0589,L016,L016,dry_van,45000,3800,False,9.3,12.2,64.2,2026-10-12T00:00,3,2.09,7.8
T0590,D0590,L018,L018,dry_van,45000,3800,False,8.6,10.3,34.9,2026-10-12T00:00,7,1.66,6.2
T0591,D0591,L019,L019,dry_van,45000,3800,False,10.5,9.1,35.5,2026-10-12T00:00,3,1.98,7.7
T0592,D0592,L008,L008,dry_van,45000,3800,False,9.5,12.3,48.7,2026-10-12T00:00,5,1.85,7.7
T0593,D0593,L038,L038,dry_van,45000,3800,False,10.4,10.4,45.7,2026-10-13T00:00,7,2.01,7.1
T0594,D0594,L005,L005,dry_van,45000,3800,False,10.4,11.1,59.9,2026-10-12T04:00,5,1.93,7.2
T0595,D0595,L015,L015,dry_van,45000,3800,False,10.1,11.2,65.6,2026-10-12T12:00,7,1.76,6.9
T0596,D0596,L025,L025,reefer,43000,3500,False,7.8,9.1,37.2,2026-10-12T08:00,5,1.84,6.5
T0597,D0597,L007,L007,dry_van,45000,3800,False,9.9,9.6,42.7,2026-10-12T00:00,3,1.97,6.5
T0598,D0598,L023,L023,dry_van,45000,3800,False,7.9,12.0,51.1,2026-10-12T00:00,3,1.9,7.3
T0599,D0599,L039,L039,reefer,43000,3500,False,10.5,11.1,60.2,2026-10-12T08:00,5,2.02,6.5
T0600,D0600,L002,L002,dry_van,45000,3800,True,8.1,9.6,36.8,2026-10-12T00:00,5,1.92,6.6
T0601,D0601,L001,L001,dry_van,45000,3800,False,10.9,13.6,41.4,2026-10-12T08:00,5,1.67,7.1
T0602,D0602,L020,L020,dry_van,45000,3800,True,6.5,13.0,58.9,2026-10-12T04:00,5,1.79,6.8
T0603,D0603,L002,L002,reefer,43000,3500,False,8.0,12.5,48.2,2026-10-12T00:00,3,2.03,7.7
T0604,D0604,L003,L003,dry_van,45000,3800,False,6.5,10.6,57.5,2026-10-12T00:00,5,1.75,6.3
T0605,D0605,L032,L032,reefer,43000,3500,False,10.9,13.7,64.7,2026-10-12T08:00,5,2.05,6.3
T0606,D0606,L002,L002,dry_van,45000,3800,False,9.1,13.1,40.8,2026-10-12T12:00,5,2.07,7.1
T0607,D0607,L004,L004,dry_van,45000,3800,False,10.4,13.8,46.5,2026-10-12T08:00,5,1.95,7.0
T0608,D0608,L007,L007,dry_van,45000,3800,False,7.6,12.7,39.0,2026-10-12T00:00,5,1.99,7.3
T0609,D0609,L011,L011,reefer,43000,3500,False,9.7,10.0,33.1,2026-10-12T12:00,5,1.68,6.2
T0610,D0610,L007,L007,reefer,43000,3500,False,7.7,13.1,60.5,2026-10-12T00:00,7,2.04,7.4
T0611,D0611,L010,L010,dry_van,45000,3800,False,6.5,9.7,66.7,2026-10-12T08:00,5,2.09,7.6
T0612,D0612,L019,L019,reefer,43000,3500,False,8.1,12.4,68.1,2026-10-12T00:00,7,1.94,6.4
T0613,D0613,L037,L037,reefer,43000,3500,False,6.9,9.1,56.5,2026-10-12T04:00,5,1.81,6.4
T0614,D0614,L022,L022,dry_van,45000,3800,False,8.5,11.5,32.1,2026-10-12T04:00,5,1.82,6.3
T0615,D0615,L013,L013,flatbed,48000,0,False,8.0,12.0,51.2,2026-10-12T00:00,5,1.88,6.4
T0616,D0616,L002,L002,dry_van,45000,3800,False,6.3,9.2,40.6,2026-10-12T00:00,3,1.89,6.6
T0617,D0617,L037,L037,dry_van,45000,3800,False,6.5,12.7,65.2,2026-10-12T04:00,5,1.87,6.5
T0618,D0618,L006,L006,dry_van,45000,3800,False,9.7,9.5,50.1,2026-10-12T00:00,7,1.86,6.7
T0619,D0619,L038,L038,dry_van,45000,3800,False,6.8,10.7,48.2,2026-10-12T00:00,3,1.95,6.9
T0620,D0620,L001,L001,flatbed,48000,0,False,9.4,13.3,53.8,2026-10-12T00:00,5,1.91,7.0
T0621,D0621,L007,L007,dry_van,45000,3800,False,9.4,10.5,39.1,2026-10-12T08:00,7,1.73,6.4
T0622,D0622,L003,L003,dry_van,45000,3800,False,8.5,10.8,51.8,2026-10-12T04:00,5,1.76,6.9
T0623,D0623,L034,L034,dry_van,45000,3800,False,9.9,13.3,66.1,2026-10-12T08:00,7,1.87,6.6
T0624,D0624,L020,L020,dry_van,45000,3800,False,10.3,12.3,35.7,2026-10-12T04:00,5,1.66,7.1
T0625,D0625,L031,L031,dry_van,45000,3800,False,7.0,13.8,55.5,2026-10-12T00:00,5,2.04,7.3
T0626,D0626,L038,L038,dry_van,45000,3800,False,6.9,13.6,44.0,2026-10-12T08:00,5,1.83,6.9
T0627,D0627,L040,L040,dry_van,45000,3800,True,9.5,13.2,34.9,2026-10-12T08:00,5,1.9,7.5
T0628,D0628,L011,L011,dry_van,45000,3800,True,6.7,12.4,50.9,2026-10-12T12:00,5,1.93,7.3
T0629,D0629,L009,L009,dry_van,45000,3800,False,8.3,10.1,63.0,2026-10-12T00:00,3,1.67,6.7
T0630,D0630,L015,L015,dry_van,45000,3800,True,6.7,13.4,61.4,2026-10-12T00:00,7,1.95,7.4
T0631,D0631,L005,L005,dry_van,45000,3800,False,7.0,11.9,33.2,2026-10-12T12:00,5,1.66,7.7
T0632,D0632,L007,L007,dry_van,45000,3800,False,10.8,9.5,40.5,2026-10-12T04:00,5,1.92,6.5
T0633,D0633,L015,L015,reefer,43000,3500,False,9.4,10.0,35.4,2026-10-12T00:00,7,1.74,6.7
T0634,D0634,L009,L009,flatbed,48000,0,False,7.9,13.4,47.5,2026-10-12T00:00,5,1.89,7.3
T0635,D0635,L019,L019,dry_van,45000,3800,False,8.1,11.1,46.4,2026-10-12T00:00,3,2.06,6.2
T0636,D0636,L033,L033,dry_van,45000,3800,False,9.9,11.9,44.9,2026-10-12T00:00,7,1.89,7.1
T0637,D0637,L009,L009,reefer,43000,3500,False,9.4,11.3,60.5,2026-10-12T04:00,7,1.86,6.3
T0638,D0638,L002,L002,reefer,43000,3500,False,9.0,13.1,52.6,2026-10-12T00:00,5,2.04,6.4
T0639,D0639,L024,L024,dry_van,45000,3800,False,7.0,9.7,59.6,2026-10-12T12:00,5,1.71,7.6
T0640,D0640,L027,L027,dry_van,45000,3800,False,10.9,9.0,49.4,2026-10-12T12:00,5,1.7,6.2
T0641,D0641,L025,L025,dry_van,45000,3800,False,6.5,9.1,50.2,2026-10-12T00:00,5,1.68,6.4
T0642,D0642,L014,L014,flatbed,48000,0,False,10.2,10.3,54.5,2026-10-13T00:00,5,2.04,7.2
T0643,D0643,L015,L015,dry_van,45000,3800,False,9.7,10.2,50.5,2026-10-13T00:00,7,1.74,7.0
T0644,D0644,L009,L009,dry_van,45000,3800,False,9.3,11.0,57.9,2026-10-12T00:00,3,1.86,7.5
T0645,D0645,L005,L005,dry_van,45000,3800,False,6.1,10.5,55.8,2026-10-12T04:00,7,1.85,7.7
T0646,D0646,L011,L011,dry_van,45000,3800,False,7.4,13.9,44.3,2026-10-12T04:00,7,1.74,7.6
T0647,D0647,L020,L020,dry_van,45000,3800,False,7.8,12.6,43.6,2026-10-12T00:00,5,1.78,7.4
T0648,D0648,L009,L009,dry_van,45000,3800,False,8.4,13.8,54.2,2026-10-12T12:00,5,1.91,7.7
T0649,D0649,L033,L033,dry_van,45000,3800,False,8.9,11.9,53.4,2026-10-12T00:00,5,1.68,6.2
T0650,D0650,L032,L032,dry_van,45000,3800,False,10.7,11.4,60.4,2026-10-12T04:00,5,1.7,7.6
T0651,D0651,L032,L032,dry_van,45000,3800,False,6.3,10.3,31.5,2026-10-12T00:00,3,1.85,6.8
T0652,D0652,L027,L027,dry_van,45000,3800,False,9.5,10.9,69.6,2026-10-12T00:00,7,1.9,6.5
T0653,D0653,L018,L018,dry_van,45000,3800,False,6.8,13.1,62.3,2026-10-12T12:00,5,1.69,6.2
T0654,D0654,L040,L040,dry_van,45000,3800,True,10.5,10.8,46.3,2026-10-12T00:00,7,2.04,6.7
T0655,D0655,L030,L030,flatbed,48000,0,False,8.5,13.2,52.8,2026-10-12T08:00,5,1.88,6.8
T0656,D0656,L038,L038,reefer,43000,3500,False,8.1,10.9,32.8,2026-10-12T04:00,3,1.71,7.0
T0657,D0657,L003,L003,dry_van,45000,3800,True,7.7,10.1,67.6,2026-10-12T08:00,5,1.83,6.8
T0658,D0658,L037,L037,dry_van,45000,3800,False,8.9,13.3,67.3,2026-10-12T08:00,7,1.79,7.2
T0659,D0659,L022,L022,reefer,43000,3500,False,9.3,9.2,46.9,2026-10-12T00:00,5,1.8,7.4
T0660,D0660,L005,L005,dry_van,45000,3800,False,9.3,13.4,39.4,2026-10-13T00:00,3,2.01,7.1
T0661,D0661,L026,L026,reefer,43000,3500,False,10.9,13.7,53.9,2026-10-12T00:00,7,2.07,7.6
T0662,D0662,L017,L017,dry_van,45000,3800,False,6.2,11.5,56.0,2026-10-12T00:00,5,1.86,7.5
T0663,D0663,L037,L037,dry_van,45000,3800,False,9.9,13.1,51.4,2026-10-12T00:00,5,1.96,7.4
T0664,D0664,L022,L022,dry_van,45000,3800,False,6.6,12.5,52.0,2026-10-12T12:00,3,1.85,7.6
T0665,D0665,L040,L040,dry_van,45000,3800,False,10.6,10.2,33.7,2026-10-12T04:00,3,1.75,7.4
T0666,D0666,L038,L038,reefer,43000,3500,False,6.1,12.6,62.5,2026-10-13T00:00,3,1.68,6.9
T0667,D0667,L009,L009,dry_van,45000,3800,False,11.0,9.6,45.9,2026-10-12T00:00,3,1.95,6.3
T0668,D0668,L039,L039,dry_van,45000,3800,False,7.8,13.6,38.8,2026-10-13T00:00,5,2.07,7.4
T0669,D0669,L009,L009,dry_van,45000,3800,False,7.6,11.7,34.2,2026-10-12T00:00,5,2.06,7.3
T0670,D0670,L026,L026,dry_van,45000,3800,False,10.2,11.6,42.2,2026-10-12T00:00,7,1.74,6.8
T0671,D0671,L034,L034,dry_van,45000,3800,False,8.2,12.8,68.1,2026-10-12T12:00,3,1.87,6.3
T0672,D0672,L008,L008,dry_van,45000,3800,False,6.3,13.3,45.4,2026-10-12T00:00,3,2.04,6.8
T0673,D0673,L001,L001,dry_van,45000,3800,False,8.7,12.3,31.3,2026-10-12T04:00,5,2.07,7.7
T0674,D0674,L033,L033,dry_van,45000,3800,False,10.1,12.0,60.3,2026-10-12T00:00,5,1.98,7.2
T0675,D0675,L036,L036,reefer,43000,3500,False,6.3,9.5,45.5,2026-10-13T00:00,5,2.04,7.7
T0676,D0676,L017,L017,dry_van,45000,3800,False,7.3,13.8,48.7,2026-10-12T08:00,5,1.71,6.2
T0677,D0677,L034,L034,flatbed,48000,0,False,9.9,10.5,52.8,2026-10-12T00:00,3,1.93,6.8
T0678,D0678,L028,L028,reefer,43000,3500,False,6.1,10.5,56.4,2026-10-12T08:00,5,2.03,6.9
T0679,D0679,L001,L001,dry_van,45000,3800,True,8.4,13.2,38.7,2026-10-12T00:00,3,1.91,6.3
T0680,D0680,L038,L038,dry_van,45000,3800,False,6.9,12.8,41.0,2026-10-12T04:00,5,1.71,7.2
T0681,D0681,L005,L005,dry_van,45000,3800,True,9.3,9.9,50.3,2026-10-12T00:00,5,1.91,6.3
T0682,D0682,L032,L032,dry_van,45000,3800,False,10.9,9.1,63.8,2026-10-12T00:00,5,1.89,6.3
T0683,D0683,L007,L007,dry_van,45000,3800,False,8.6,10.2,43.0,2026-10-12T00:00,5,2.02,7.3
T0684,D0684,L002,L002,dry_van,45000,3800,False,7.6,12.9,43.4,2026-10-12T00:00,5,2.05,6.8
T0685,D0685,L039,L039,dry_van,45000,3800,True,6.2,13.7,66.5,2026-10-12T00:00,3,1.7,6.5
T0686,D0686,L010,L010,reefer,43000,3500,False,8.9,10.7,38.6,2026-10-13T00:00,7,1.66,7.4
T0687,D0687,L013,L013,flatbed,48000,0,True,10.8,14.0,52.6,2026-10-12T00:00,7,1.93,7.4
T0688,D0688,L021,L021,dry_van,45000,3800,False,6.3,11.4,51.0,2026-10-13T00:00,5,1.79,6.5
T0689,D0689,L024,L024,flatbed,48000,0,False,9.8,10.8,48.2,2026-10-13T00:00,3,1.96,6.9
T0690,D0690,L040,L040,dry_van,45000,3800,True,8.5,13.6,56.1,2026-10-12T08:00,7,1.75,7.5
T0691,D0691,L007,L007,reefer,43000,3500,False,7.2,13.5,57.0,2026-10-12T08:00,5,1.92,7.5
T0692,D0692,L011,L011,dry_van,45000,3800,False,10.9,11.9,55.3,2026-10-12T08:00,5,2.05,7.6
T0693,D0693,L001,L001,dry_van,45000,3800,False,9.6,11.3,34.0,2026-10-12T08:00,3,2.03,6.2
T0694,D0694,L005,L005,dry_van,45000,3800,False,10.6,13.5,44.2,2026-10-12T08:00,5,1.96,6.6
T0695,D0695,L009,L009,dry_van,45000,3800,False,9.0,12.1,69.8,2026-10-12T00:00,3,1.68,7.7
T0696,D0696,L039,L039,flatbed,48000,0,False,10.2,10.4,49.1,2026-10-12T12:00,5,1.98,7.4
T0697,D0697,L025,L025,reefer,43000,3500,False,10.5,12.0,44.8,2026-10-12T00:00,5,1.82,6.9
T0698,D0698,L019,L019,dry_van,45000,3800,False,7.2,11.5,31.9,2026-10-12T00:00,7,2.05,7.1
T0699,D0699,L035,L035,dry_van,45000,3800,False,9.8,13.8,31.7,2026-10-12T00:00,5,1.84,6.6
T0700,D0700,L037,L037,dry_van,45000,3800,False,6.6,10.4,47.6,2026-10-12T00:00,5,1.78,7.7
T0701,D0701,L040,L040,reefer,43000,3500,False,7.4,9.5,52.1,2026-10-12T12:00,7,1.99,6.2
T0702,D0702,L038,L038,flatbed,48000,0,False,7.0,11.4,62.9,2026-10-13T00:00,5,1.74,7.7
T0703,D0703,L024,L024,reefer,43000,3500,False,8.3,13.6,58.7,2026-10-13T00:00,3,1.85,6.9
T0704,D0704,L008,L008,reefer,43000,3500,False,9.3,13.8,62.1,2026-10-12T12:00,5,1.98,6.7
T0705,D0705,L019,L019,dry_van,45000,3800,False,9.4,9.4,57.5,2026-10-12T08:00,3,1.85,7.7
T0706,D0706,L034,L034,dry_van,45000,3800,False,10.2,12.1,68.0,2026-10-12T12:00,3,1.76,7.1
T0707,D0707,L037,L037,dry_van,45000,3800,False,6.8,13.1,59.3,2026-10-12T04:00,5,1.71,7.2
T0708,D0708,L002,L002,dry_van,45000,3800,False,6.0,9.3,52.3,2026-10-12T00:00,5,1.97,6.3
T0709,D0709,L031,L031,dry_van,45000,3800,False,9.2,11.4,56.3,2026-10-12T00:00,5,2.05,7.5
T0710,D0710,L037,L037,dry_van,45000,3800,False,8.0,10.8,49.2,2026-10-12T12:00,3,1.75,7.7
T0711,D0711,L038,L038,reefer,43000,3500,False,7.6,12.3,34.6,2026-10-12T04:00,5,2.08,7.3
T0712,D0712,L011,L011,dry_van,45000,3800,False,10.2,13.3,54.0,2026-10-12T04:00,5,1.66,6.6
T0713,D0713,L007,L007,reefer,43000,3500,False,9.9,10.3,42.7,2026-10-12T08:00,5,2.01,6.9
T0714,D0714,L008,L008,dry_van,45000,3800,False,7.7,13.1,42.3,2026-10-12T00:00,5,1.75,7.6
T0715,D0715,L021,L021,reefer,43000,3500,False,9.1,9.6,51.6,2026-10-12T08:00,3,2.01,6.3
T0716,D0716,L032,L032,flatbed,48000,0,False,6.3,9.2,38.4,2026-10-12T08:00,7,1.74,6.5
T0717,D0717,L021,L021,reefer,43000,3500,False,6.8,10.9,46.5,2026-10-13T00:00,7,1.98,7.7
T0718,D0718,L001,L001,dry_van,45000,3800,False,8.5,13.0,31.7,2026-10-12T00:00,5,1.79,6.6
T0719,D0719,L033,L033,dry_van,45000,3800,False,10.1,10.9,46.0,2026-10-12T00:00,5,2.04,6.3
T0720,D0720,L019,L019,reefer,43000,3500,False,6.1,13.2,54.2,2026-10-12T00:00,5,1.69,7.1
T0721,D0721,L013,L013,reefer,43000,3500,False,7.6,11.6,30.9,2026-10-13T00:00,5,1.86,6.4
T0722,D0722,L040,L040,dry_van,45000,3800,False,6.5,13.8,52.4,2026-10-12T04:00,5,1.78,7.3
T0723,D0723,L019,L019,dry_van,45000,3800,False,8.0,10.9,51.9,2026-10-12T12:00,3,1.85,7.1
T0724,D0724,L001,L001,reefer,43000,3500,False,8.8,12.2,43.3,2026-10-12T04:00,3,1.69,6.5
T0725,D0725,L036,L036,dry_van,45000,3800,False,8.0,13.2,50.9,2026-10-12T00:00,7,1.99,6.3
T0726,D0726,L018,L018,dry_van,45000,3800,False,6.8,10.6,52.6,2026-10-13T00:00,5,2.04,6.6
T0727,D0727,L006,L006,dry_van,45000,3800,False,7.6,12.3,42.9,2026-10-12T04:00,5,1.88,7.6
T0728,D0728,L040,L040,dry_van,45000,3800,False,6.4,9.6,30.5,2026-10-12T12:00,7,1.99,6.5
T0729,D0729,L015,L015,flatbed,48000,0,True,8.5,12.1,51.0,2026-10-12T04:00,5,1.99,7.1
T0730,D0730,L013,L013,dry_van,45000,3800,False,9.6,13.4,40.8,2026-10-12T00:00,5,1.93,6.8
T0731,D0731,L028,L028,dry_van,45000,3800,False,10.0,13.8,44.9,2026-10-12T00:00,7,1.76,6.9
T0732,D0732,L039,L039,flatbed,48000,0,False,10.6,9.8,58.6,2026-10-13T00:00,5,1.65,6.9
T0733,D0733,L005,L005,dry_van,45000,3800,False,9.5,10.0,33.8,2026-10-12T00:00,5,1.8,6.3
T0734,D0734,L017,L017,dry_van,45000,3800,False,10.4,10.7,30.6,2026-10-12T08:00,5,1.77,7.5
T0735,D0735,L037,L037,dry_van,45000,3800,False,9.8,13.7,52.4,2026-10-12T08:00,5,1.68,6.4
T0736,D0736,L032,L032,dry_van,45000,3800,False,6.6,11.6,55.8,2026-10-12T00:00,5,1.8,7.4
T0737,D0737,L025,L025,dry_van,45000,3800,False,9.1,13.5,38.4,2026-10-13T00:00,3,2.0,7.8
T0738,D0738,L003,L003,reefer,43000,3500,False,8.4,9.0,33.1,2026-10-12T00:00,3,1.71,7.5
T0739,D0739,L015,L015,dry_van,45000,3800,False,6.6,11.8,45.1,2026-10-13T00:00,5,1.97,6.8
T0740,D0740,L035,L035,dry_van,45000,3800,True,10.2,13.8,67.8,2026-10-12T08:00,5,1.97,7.5
T0741,D0741,L023,L023,dry_van,45000,3800,False,6.6,13.5,56.1,2026-10-12T12:00,5,1.66,6.8
T0742,D0742,L017,L017,dry_van,45000,3800,False,9.1,13.4,66.8,2026-10-12T00:00,5,1.82,6.5
T0743,D0743,L033,L033,dry_van,45000,3800,False,7.0,11.9,43.1,2026-10-12T08:00,5,2.06,7.0
T0744,D0744,L001,L001,dry_van,45000,3800,False,8.4,9.2,57.8,2026-10-12T12:00,5,1.77,6.3
T0745,D0745,L024,L024,dry_van,45000,3800,False,11.0,12.2,49.6,2026-10-12T04:00,5,1.99,7.2
T0746,D0746,L022,L022,dry_van,45000,3800,False,10.5,9.8,59.4,2026-10-12T08:00,5,1.69,7.5
T0747,D0747,L004,L004,dry_van,45000,3800,False,6.5,11.7,69.3,2026-10-12T00:00,5,1.94,7.4
T0748,D0748,L011,L011,dry_van,45000,3800,False,6.8,13.9,58.9,2026-10-12T12:00,5,1.88,7.7
T0749,D0749,L014,L014,reefer,43000,3500,False,7.0,12.8,35.9,2026-10-12T00:00,5,1.69,6.9
T0750,D0750,L008,L008,dry_van,45000,3800,False,9.2,13.2,67.6,2026-10-12T00:00,5,1.77,6.8
T0751,D0751,L011,L011,dry_van,45000,3800,False,10.7,9.4,66.7,2026-10-12T08:00,5,1.98,6.5
T0752,D0752,L025,L025,flatbed,48000,0,False,6.1,12.2,48.4,2026-10-13T00:00,5,1.79,7.3
T0753,D0753,L039,L039,reefer,43000,3500,False,6.7,9.3,58.2,2026-10-12T12:00,5,1.78,7.1
T0754,D0754,L014,L014,reefer,43000,3500,False,6.9,10.5,57.9,2026-10-12T00:00,5,1.69,6.8
T0755,D0755,L012,L012,reefer,43000,3500,False,9.2,13.2,31.5,2026-10-13T00:00,7,1.82,7.1
T0756,D0756,L006,L006,reefer,43000,3500,False,9.4,10.4,43.7,2026-10-13T00:00,7,1.9,7.4
T0757,D0757,L008,L008,dry_van,45000,3800,False,8.3,9.2,34.6,2026-10-12T00:00,5,1.86,6.9
T0758,D0758,L010,L010,dry_van,45000,3800,False,7.6,9.5,44.4,2026-10-12T00:00,3,1.72,7.0
T0759,D0759,L011,L011,flatbed,48000,0,False,7.5,11.3,37.4,2026-10-12T00:00,3,1.85,7.2
T0760,D0760,L025,L025,dry_van,45000,3800,False,10.2,10.3,44.9,2026-10-12T04:00,5,1.87,6.8
T0761,D0761,L001,L001,flatbed,48000,0,False,6.5,11.1,40.8,2026-10-12T08:00,7,1.83,6.2
T0762,D0762,L019,L019,flatbed,48000,0,False,10.7,10.0,68.9,2026-10-12T12:00,5,1.71,6.7
T0763,D0763,L040,L040,flatbed,48000,0,False,6.7,10.7,45.8,2026-10-13T00:00,5,1.65,6.4
T0764,D0764,L037,L037,dry_van,45000,3800,False,10.3,11.2,59.0,2026-10-12T00:00,5,1.96,7.6
T0765,D0765,L012,L012,dry_van,45000,3800,False,8.7,11.0,38.5,2026-10-12T04:00,5,1.95,7.5
T0766,D0766,L032,L032,reefer,43000,3500,False,7.6,13.7,46.0,2026-10-12T00:00,5,2.05,7.5
T0767,D0767,L032,L032,dry_van,45000,3800,False,7.7,12.3,68.8,2026-10-12T00:00,3,1.75,7.2
T0768,D0768,L033,L033,dry_van,45000,3800,False,6.0,12.0,45.9,2026-10-13T00:00,3,1.94,6.4
T0769,D0769,L006,L006,dry_van,45000,3800,False,7.9,9.9,36.0,2026-10-12T00:00,5,1.82,7.5
T0770,D0770,L001,L001,flatbed,48000,0,False,8.0,11.6,34.3,2026-10-12T00:00,3,1.81,7.4
T0771,D0771,L028,L028,dry_van,45000,3800,False,7.6,11.9,45.4,2026-10-12T00:00,5,1.66,7.2
T0772,D0772,L029,L029,dry_van,45000,3800,True,7.3,12.2,54.1,2026-10-12T04:00,5,1.88,7.4
T0773,D0773,L032,L032,reefer,43000,3500,False,9.9,13.9,51.3,2026-10-12T00:00,5,2.04,6.3
T0774,D0774,L001,L001,flatbed,48000,0,False,7.0,13.1,59.1,2026-10-12T00:00,5,1.85,6.9
T0775,D0775,L001,L001,reefer,43000,3500,False,10.4,12.4,40.1,2026-10-12T00:00,5,1.95,7.4
T0776,D0776,L001,L001,dry_van,45000,3800,False,6.1,10.6,55.4,2026-10-12T04:00,7,1.7,7.4
T0777,D0777,L021,L021,dry_van,45000,3800,False,6.5,12.6,55.3,2026-10-12T08:00,5,2.05,6.8
T0778,D0778,L016,L016,dry_van,45000,3800,False,10.7,13.1,52.8,2026-10-13T00:00,3,1.68,6.8
T0779,D0779,L005,L005,flatbed,48000,0,False,7.9,13.9,33.2,2026-10-12T00:00,5,1.84,6.2
T0780,D0780,L039,L039,dry_van,45000,3800,False,10.2,11.2,34.7,2026-10-12T00:00,5,1.91,7.8
T0781,D0781,L026,L026,dry_van,45000,3800,False,10.0,10.9,48.9,2026-10-12T12:00,5,1.77,7.3
T0782,D0782,L006,L006,dry_van,45000,3800,True,10.5,12.4,40.9,2026-10-12T04:00,5,1.74,7.5
T0783,D0783,L028,L028,dry_van,45000,3800,False,10.9,10.6,38.9,2026-10-13T00:00,3,1.97,6.6
T0784,D0784,L026,L026,reefer,43000,3500,False,8.9,12.2,43.2,2026-10-12T04:00,5,1.86,7.1
T0785,D0785,L011,L011,dry_van,45000,3800,False,8.3,12.7,38.4,2026-10-12T00:00,5,1.95,6.6
T0786,D0786,L001,L001,reefer,43000,3500,False,8.4,13.9,33.3,2026-10-12T12:00,7,1.82,6.7
T0787,D0787,L010,L010,dry_van,45000,3800,True,8.9,12.1,52.6,2026-10-12T08:00,5,2.1,6.2
T0788,D0788,L040,L040,dry_van,45000,3800,False,7.9,11.7,45.1,2026-10-12T00:00,3,1.69,6.5
T0789,D0789,L040,L040,dry_van,45000,3800,False,9.8,13.9,69.2,2026-10-12T00:00,7,1.83,7.4
T0790,D0790,L014,L014,dry_van,45000,3800,False,9.2,12.3,57.5,2026-10-12T00:00,5,1.88,7.1
T0791,D0791,L007,L007,dry_van,45000,3800,False,10.1,11.2,67.0,2026-10-12T00:00,5,1.83,6.2
T0792,D0792,L034,L034,reefer,43000,3500,False,10.5,10.9,56.1,2026-10-12T12:00,5,1.83,7.2
T0793,D0793,L026,L026,dry_van,45000,3800,False,9.0,12.7,67.8,2026-10-12T00:00,5,1.92,6.5
T0794,D0794,L027,L027,dry_van,45000,3800,False,9.7,13.4,56.2,2026-10-12T00:00,7,1.88,6.5
T0795,D0795,L038,L038,dry_van,45000,3800,False,6.9,13.7,66.9,2026-10-12T00:00,5,1.71,6.3
T0796,D0796,L001,L001,dry_van,45000,3800,False,9.0,13.9,61.9,2026-10-12T12:00,5,1.88,6.4
T0797,D0797,L025,L025,dry_van,45000,3800,False,7.2,12.6,32.8,2026-10-12T00:00,3,1.96,6.9
T0798,D0798,L020,L020,dry_van,45000,3800,False,8.1,10.3,58.6,2026-10-13T00:00,3,1.97,7.2
T0799,D0799,L040,L040,reefer,43000,3500,False,9.6,10.5,45.9,2026-10-13T00:00,3,1.81,7.3
T0800,D0800,L019,L019,dry_van,45000,3800,False,6.5,13.2,60.3,2026-10-12T00:00,7,1.99,6.4
T0801,D0801,L006,L006,dry_van,45000,3800,False,10.0,10.1,33.9,2026-10-12T00:00,3,1.86,7.3
T0802,D0802,L033,L033,reefer,43000,3500,False,8.2,12.9,58.0,2026-10-12T12:00,7,1.77,6.3
T0803,D0803,L005,L005,dry_van,45000,3800,True,8.8,12.6,42.3,2026-10-12T00:00,5,1.91,6.7
T0804,D0804,L032,L032,dry_van,45000,3800,False,9.5,9.7,41.7,2026-10-13T00:00,5,1.77,6.6
T0805,D0805,L036,L036,dry_van,45000,3800,False,7.3,12.6,59.8,2026-10-12T00:00,7,1.83,7.2
T0806,D0806,L006,L006,dry_van,45000,3800,False,8.5,11.6,45.1,2026-10-13T00:00,5,1.94,7.6
T0807,D0807,L018,L018,dry_van,45000,3800,False,10.7,10.7,42.4,2026-10-12T12:00,5,1.72,7.2
T0808,D0808,L032,L032,dry_van,45000,3800,False,8.3,13.6,66.3,2026-10-12T04:00,7,2.05,7.4
T0809,D0809,L012,L012,dry_van,45000,3800,False,8.5,10.4,68.5,2026-10-12T00:00,7,2.04,7.8
T0810,D0810,L002,L002,dry_van,45000,3800,False,10.0,9.9,67.5,2026-10-12T00:00,5,1.75,7.3
T0811,D0811,L006,L006,flatbed,48000,0,False,6.5,10.0,63.2,2026-10-12T00:00,3,2.06,6.4
T0812,D0812,L009,L009,dry_van,45000,3800,False,8.9,11.3,51.5,2026-10-13T00:00,3,1.79,7.2
T0813,D0813,L006,L006,dry_van,45000,3800,False,6.5,11.9,53.9,2026-10-12T00:00,5,1.91,7.1
T0814,D0814,L036,L036,dry_van,45000,3800,False,9.2,11.9,55.4,2026-10-13T00:00,5,2.1,6.6
T0815,D0815,L014,L014,dry_van,45000,3800,False,8.5,11.6,68.1,2026-10-12T00:00,5,1.77,7.1
T0816,D0816,L011,L011,dry_van,45000,3800,False,8.2,13.9,67.8,2026-10-12T12:00,5,1.65,7.6
T0817,D0817,L019,L019,dry_van,45000,3800,False,8.2,10.5,67.0,2026-10-13T00:00,5,1.8,7.3
T0818,D0818,L034,L034,dry_van,45000,3800,False,7.1,11.5,42.8,2026-10-12T00:00,7,1.86,7.3
T0819,D0819,L038,L038,dry_van,45000,3800,False,6.8,12.8,61.4,2026-10-12T00:00,5,1.92,6.5
T0820,D0820,L040,L040,flatbed,48000,0,False,8.1,12.6,39.1,2026-10-13T00:00,5,1.86,7.6
T0821,D0821,L009,L009,dry_van,45000,3800,False,10.1,10.6,42.3,2026-10-12T00:00,7,1.83,6.9
T0822,D0822,L033,L033,dry_van,45000,3800,False,9.2,9.7,48.3,2026-10-12T00:00,5,1.66,7.3
T0823,D0823,L006,L006,reefer,43000,3500,False,6.1,11.1,45.3,2026-10-12T00:00,7,1.9,6.5
T0824,D0824,L007,L007,dry_van,45000,3800,False,6.4,9.8,58.9,2026-10-12T00:00,7,1.86,7.8
T0825,D0825,L002,L002,dry_van,45000,3800,False,8.4,10.4,54.3,2026-10-12T12:00,5,1.68,6.3
T0826,D0826,L011,L011,dry_van,45000,3800,False,6.6,9.7,60.0,2026-10-12T00:00,5,2.09,7.4
T0827,D0827,L034,L034,reefer,43000,3500,False,7.0,9.4,39.8,2026-10-12T08:00,7,1.9,7.3
T0828,D0828,L023,L023,reefer,43000,3500,False,9.9,9.3,61.4,2026-10-12T00:00,5,2.08,6.8
T0829,D0829,L033,L033,reefer,43000,3500,False,8.3,11.3,43.3,2026-10-12T00:00,5,1.76,7.4
T0830,D0830,L001,L001,dry_van,45000,3800,False,10.0,13.0,63.3,2026-10-12T04:00,3,2.06,7.0
T0831,D0831,L001,L001,dry_van,45000,3800,True,10.4,10.6,51.6,2026-10-12T08:00,5,1.91,7.2
T0832,D0832,L032,L032,dry_van,45000,3800,False,6.6,9.8,50.5,2026-10-13T00:00,3,1.91,6.9
T0833,D0833,L028,L028,dry_van,45000,3800,True,8.2,10.4,48.1,2026-10-12T12:00,5,1.94,6.3
T0834,D0834,L028,L028,dry_van,45000,3800,False,9.7,13.7,65.6,2026-10-12T12:00,5,1.91,6.2
T0835,D0835,L034,L034,dry_van,45000,3800,False,6.8,13.3,53.4,2026-10-12T04:00,5,1.89,7.2
T0836,D0836,L006,L006,reefer,43000,3500,False,10.3,9.8,60.9,2026-10-12T12:00,5,1.79,6.4
T0837,D0837,L021,L021,flatbed,48000,0,True,8.7,13.8,43.1,2026-10-12T00:00,5,2.07,7.3
T0838,D0838,L006,L006,dry_van,45000,3800,False,10.7,10.1,44.2,2026-10-12T00:00,5,2.04,7.7
T0839,D0839,L004,L004,flatbed,48000,0,True,9.7,12.7,45.2,2026-10-13T00:00,5,1.85,6.5
T0840,D0840,L033,L033,dry_van,45000,3800,False,8.5,11.9,50.7,2026-10-12T00:00,5,1.99,6.4
T0841,D0841,L018,L018,dry_van,45000,3800,False,8.1,10.1,33.6,2026-10-12T00:00,7,1.81,6.6
T0842,D0842,L004,L004,dry_van,45000,3800,True,8.1,13.8,34.0,2026-10-13T00:00,5,2.08,7.5
T0843,D0843,L015,L015,reefer,43000,3500,False,6.4,12.2,45.6,2026-10-12T12:00,5,1.66,7.7
T0844,D0844,L032,L032,reefer,43000,3500,True,7.2,11.8,35.1,2026-10-13T00:00,5,1.71,7.0
T0845,D0845,L001,L001,dry_van,45000,3800,False,9.3,10.9,46.6,2026-10-12T12:00,5,1.84,6.5
T0846,D0846,L020,L020,dry_van,45000,3800,False,6.9,13.4,34.4,2026-10-12T12:00,5,1.66,6.5
T0847,D0847,L014,L014,dry_van,45000,3800,False,7.6,12.9,43.3,2026-10-12T08:00,5,1.67,7.6
T0848,D0848,L038,L038,dry_van,45000,3800,False,9.6,9.8,34.0,2026-10-12T08:00,5,2.05,6.3
T0849,D0849,L040,L040,dry_van,45000,3800,False,10.3,11.7,35.4,2026-10-12T04:00,7,2.01,6.2
T0850,D0850,L017,L017,reefer,43000,3500,False,9.3,10.8,54.5,2026-10-12T00:00,3,1.87,7.4
T0851,D0851,L036,L036,dry_van,45000,3800,False,10.0,9.7,56.4,2026-10-12T00:00,3,1.97,6.7
T0852,D0852,L026,L026,dry_van,45000,3800,False,9.3,10.6,69.0,2026-10-12T12:00,7,1.88,7.1
T0853,D0853,L037,L037,reefer,43000,3500,False,7.9,9.7,59.5,2026-10-12T04:00,3,1.99,7.5
T0854,D0854,L027,L027,reefer,43000,3500,False,6.7,9.2,61.8,2026-10-12T00:00,5,1.83,6.2
T0855,D0855,L018,L018,reefer,43000,3500,False,10.1,11.9,48.1,2026-10-13T00:00,5,1.85,6.6
T0856,D0856,L015,L015,reefer,43000,3500,False,10.6,10.7,65.7,2026-10-12T08:00,5,1.8,7.6
T0857,D0857,L033,L033,dry_van,45000,3800,False,7.7,11.6,32.5,2026-10-13T00:00,5,1.84,6.2
T0858,D0858,L022,L022,dry_van,45000,3800,False,6.6,11.8,41.8,2026-10-13T00:00,5,1.79,6.9
T0859,D0859,L040,L040,dry_van,45000,3800,False,6.9,13.1,65.4,2026-10-12T08:00,7,1.74,7.5
T0860,D0860,L007,L007,dry_van,45000,3800,False,8.6,12.9,52.5,2026-10-12T00:00,7,1.89,7.5
T0861,D0861,L012,L012,dry_van,45000,3800,False,6.8,9.8,57.2,2026-10-12T08:00,7,1.75,7.7
T0862,D0862,L032,L032,dry_van,45000,3800,False,10.3,10.4,68.4,2026-10-12T04:00,5,1.78,7.6
T0863,D0863,L040,L040,reefer,43000,3500,False,9.6,10.5,33.0,2026-10-12T00:00,7,1.95,6.5
T0864,D0864,L032,L032,dry_van,45000,3800,True,8.1,9.7,62.9,2026-10-13T00:00,5,1.83,6.5
T0865,D0865,L014,L014,dry_van,45000,3800,False,6.4,13.8,41.0,2026-10-12T00:00,5,1.71,7.4
T0866,D0866,L039,L039,dry_van,45000,3800,False,7.4,10.6,55.5,2026-10-12T12:00,7,1.79,6.4
T0867,D0867,L027,L027,dry_van,45000,3800,False,10.1,11.7,54.4,2026-10-12T00:00,5,1.68,7.8
T0868,D0868,L038,L038,dry_van,45000,3800,False,7.9,13.5,34.5,2026-10-12T00:00,5,1.84,6.5
T0869,D0869,L032,L032,reefer,43000,3500,False,7.1,9.5,69.9,2026-10-12T00:00,7,2.08,7.6
T0870,D0870,L007,L007,reefer,43000,3500,False,10.8,11.1,55.5,2026-10-12T12:00,5,2.03,7.4
T0871,D0871,L038,L038,dry_van,45000,3800,False,10.2,13.9,33.3,2026-10-12T12:00,3,1.97,7.0
T0872,D0872,L024,L024,dry_van,45000,3800,False,6.5,12.9,58.3,2026-10-12T00:00,7,1.92,7.1
T0873,D0873,L026,L026,reefer,43000,3500,False,9.0,12.0,61.7,2026-10-12T00:00,3,1.91,6.4
T0874,D0874,L033,L033,dry_van,45000,3800,False,8.1,11.0,59.8,2026-10-12T08:00,5,1.94,6.9
T0875,D0875,L016,L016,reefer,43000,3500,True,10.1,12.1,61.1,2026-10-12T04:00,3,1.75,6.5
T0876,D0876,L027,L027,dry_van,45000,3800,False,10.0,12.6,64.0,2026-10-12T04:00,5,1.81,7.3
T0877,D0877,L011,L011,flatbed,48000,0,False,6.2,11.3,69.6,2026-10-13T00:00,5,2.0,6.5
T0878,D0878,L023,L023,reefer,43000,3500,False,8.0,10.7,62.6,2026-10-12T12:00,5,2.04,6.7
T0879,D0879,L026,L026,reefer,43000,3500,False,7.6,10.5,66.6,2026-10-12T00:00,3,1.94,6.7
T0880,D0880,L018,L018,dry_van,45000,3800,False,10.3,11.4,43.5,2026-10-12T00:00,5,2.05,7.4
T0881,D0881,L040,L040,dry_van,45000,3800,False,7.6,11.5,55.7,2026-10-12T08:00,5,1.99,7.1
T0882,D0882,L013,L013,dry_van,45000,3800,False,9.6,13.6,56.5,2026-10-12T00:00,5,1.72,6.7
T0883,D0883,L011,L011,dry_van,45000,3800,False,10.8,13.1,65.5,2026-10-13T00:00,5,1.93,7.8
T0884,D0884,L010,L010,dry_van,45000,3800,False,8.7,12.3,41.0,2026-10-12T00:00,5,1.75,7.3
T0885,D0885,L007,L007,reefer,43000,3500,False,7.1,9.1,39.7,2026-10-13T00:00,3,2.04,7.0
T0886,D0886,L015,L015,dry_van,45000,3800,False,8.1,13.2,53.2,2026-10-12T00:00,7,2.05,7.8
T0887,D0887,L033,L033,reefer,43000,3500,False,10.0,11.2,44.6,2026-10-13T00:00,5,1.79,6.8
T0888,D0888,L040,L040,dry_van,45000,3800,False,7.2,11.7,35.2,2026-10-12T12:00,7,1.97,7.1
T0889,D0889,L003,L003,reefer,43000,3500,False,9.6,12.2,52.2,2026-10-12T00:00,5,1.86,7.1
T0890,D0890,L002,L002,dry_van,45000,3800,False,6.3,14.0,30.9,2026-10-12T04:00,5,1.9,6.3
T0891,D0891,L011,L011,reefer,43000,3500,False,7.8,13.8,41.0,2026-10-12T12:00,5,2.08,7.4
T0892,D0892,L032,L032,dry_van,45000,3800,False,10.9,10.1,48.1,2026-10-12T00:00,7,1.96,6.7
T0893,D0893,L007,L007,reefer,43000,3500,False,6.7,11.7,57.3,2026-10-12T04:00,5,2.04,7.8
T0894,D0894,L002,L002,reefer,43000,3500,False,10.9,12.1,51.2,2026-10-13T00:00,5,1.98,6.6
T0895,D0895,L025,L025,reefer,43000,3500,False,6.1,13.6,59.1,2026-10-12T00:00,5,1.69,7.7
T0896,D0896,L024,L024,flatbed,48000,0,False,7.9,11.4,63.9,2026-10-12T04:00,5,1.69,6.8
T0897,D0897,L032,L032,reefer,43000,3500,False,7.3,10.0,44.0,2026-10-12T00:00,3,1.8,7.4
T0898,D0898,L020,L020,dry_van,45000,3800,False,6.3,10.9,36.7,2026-10-12T08:00,7,1.66,6.7
T0899,D0899,L009,L009,reefer,43000,3500,False,10.3,13.8,37.5,2026-10-12T00:00,7,1.87,7.1
T0900,D0900,L040,L040,dry_van,45000,3800,False,9.0,11.9,65.7,2026-10-12T00:00,5,1.88,7.5
T0901,D0901,L016,L016,dry_van,45000,3800,False,10.7,13.0,42.5,2026-10-13T00:00,5,1.7,7.3
T0902,D0902,L025,L025,dry_van,45000,3800,False,9.0,14.0,66.8,2026-10-12T00:00,5,2.07,7.1
T0903,D0903,L013,L013,dry_van,45000,3800,False,6.3,10.2,35.7,2026-10-12T08:00,5,1.73,6.8
T0904,D0904,L012,L012,flatbed,48000,0,False,10.2,12.3,60.2,2026-10-13T00:00,7,1.69,7.0
T0905,D0905,L029,L029,dry_van,45000,3800,False,9.5,11.6,60.3,2026-10-12T08:00,5,1.78,6.4
T0906,D0906,L033,L033,dry_van,45000,3800,False,8.2,9.4,31.0,2026-10-12T04:00,3,1.79,7.0
T0907,D0907,L013,L013,dry_van,45000,3800,False,9.9,12.5,51.1,2026-10-12T00:00,3,1.73,6.3
T0908,D0908,L038,L038,reefer,43000,3500,False,9.2,12.7,51.4,2026-10-12T00:00,3,2.09,6.8
T0909,D0909,L011,L011,dry_van,45000,3800,False,10.4,12.7,51.0,2026-10-12T12:00,5,1.88,7.3
T0910,D0910,L002,L002,dry_van,45000,3800,False,10.5,12.6,32.9,2026-10-12T00:00,5,1.87,7.1
T0911,D0911,L026,L026,dry_van,45000,3800,False,6.6,10.5,66.2,2026-10-12T12:00,5,2.09,7.8
T0912,D0912,L034,L034,dry_van,45000,3800,False,6.8,12.0,54.9,2026-10-12T00:00,5,2.05,6.9
T0913,D0913,L024,L024,reefer,43000,3500,False,10.7,12.3,66.5,2026-10-12T00:00,5,1.96,6.9
T0914,D0914,L014,L014,dry_van,45000,3800,False,9.9,10.3,30.4,2026-10-13T00:00,5,1.67,7.4
T0915,D0915,L004,L004,dry_van,45000,3800,True,6.6,13.5,49.5,2026-10-12T00:00,5,1.89,6.5
T0916,D0916,L032,L032,flatbed,48000,0,False,8.0,11.7,41.4,2026-10-12T12:00,7,1.77,7.4
T0917,D0917,L013,L013,reefer,43000,3500,False,8.8,11.5,35.1,2026-10-12T00:00,3,1.86,6.4
T0918,D0918,L007,L007,reefer,43000,3500,False,9.5,9.3,47.4,2026-10-13T00:00,5,1.85,6.4
T0919,D0919,L025,L025,dry_van,45000,3800,False,10.9,12.8,59.0,2026-10-13T00:00,3,1.91,7.7
T0920,D0920,L011,L011,flatbed,48000,0,False,8.3,13.5,32.3,2026-10-12T00:00,5,1.72,6.7
T0921,D0921,L002,L002,dry_van,45000,3800,False,9.6,9.1,47.6,2026-10-12T12:00,5,1.92,6.7
T0922,D0922,L005,L005,dry_van,45000,3800,False,9.4,11.0,51.4,2026-10-12T00:00,7,1.97,7.4
T0923,D0923,L010,L010,dry_van,45000,3800,False,7.2,10.9,52.5,2026-10-12T12:00,5,2.0,6.4
T0924,D0924,L007,L007,dry_van,45000,3800,False,6.1,13.1,49.1,2026-10-12T00:00,7,1.94,6.7
T0925,D0925,L026,L026,dry_van,45000,3800,False,8.5,10.3,69.2,2026-10-12T12:00,5,1.87,7.6
T0926,D0926,L016,L016,reefer,43000,3500,False,9.2,9.9,68.7,2026-10-12T00:00,5,2.05,6.8
T0927,D0927,L001,L001,reefer,43000,3500,False,8.1,13.4,64.1,2026-10-12T04:00,5,1.71,7.2
T0928,D0928,L006,L006,dry_van,45000,3800,False,9.7,11.2,45.5,2026-10-12T04:00,5,1.8,7.3
T0929,D0929,L005,L005,dry_van,45000,3800,False,7.0,10.0,64.9,2026-10-12T12:00,7,1.81,6.9
T0930,D0930,L036,L036,reefer,43000,3500,False,7.1,9.7,34.3,2026-10-12T00:00,5,1.79,7.5
T0931,D0931,L033,L033,dry_van,45000,3800,True,7.7,13.4,56.4,2026-10-12T00:00,7,1.84,7.7
T0932,D0932,L001,L001,dry_van,45000,3800,False,7.4,12.7,52.5,2026-10-12T00:00,5,1.94,7.1
T0933,D0933,L034,L034,dry_van,45000,3800,False,10.3,9.7,67.3,2026-10-12T00:00,5,1.92,7.4
T0934,D0934,L021,L021,dry_van,45000,3800,True,9.9,9.4,30.3,2026-10-12T00:00,3,1.8,6.3
T0935,D0935,L039,L039,dry_van,45000,3800,False,7.5,9.3,54.9,2026-10-12T00:00,5,1.91,7.5
T0936,D0936,L017,L017,reefer,43000,3500,False,10.0,9.8,65.2,2026-10-12T00:00,5,1.84,7.1
T0937,D0937,L026,L026,dry_van,45000,3800,False,9.5,10.4,63.9,2026-10-12T04:00,5,2.09,7.3
T0938,D0938,L005,L005,dry_van,45000,3800,False,10.4,11.4,49.1,2026-10-12T00:00,3,1.91,7.8
T0939,D0939,L012,L012,dry_van,45000,3800,False,10.5,13.9,67.9,2026-10-12T04:00,7,1.8,6.7
T0940,D0940,L002,L002,dry_van,45000,3800,False,7.5,11.0,36.0,2026-10-12T08:00,5,2.08,6.7
T0941,D0941,L032,L032,flatbed,48000,0,False,10.9,11.5,54.9,2026-10-12T08:00,7,1.84,6.5
T0942,D0942,L036,L036,dry_van,45000,3800,False,10.5,9.1,42.7,2026-10-12T08:00,5,1.67,6.6
T0943,D0943,L009,L009,dry_van,45000,3800,False,7.4,14.0,56.3,2026-10-12T00:00,3,1.8,6.3
T0944,D0944,L037,L037,flatbed,48000,0,True,6.1,10.9,66.2,2026-10-12T08:00,5,1.82,7.3
T0945,D0945,L008,L008,dry_van,45000,3800,False,10.3,12.9,46.3,2026-10-12T08:00,5,1.71,6.8
T0946,D0946,L008,L008,dry_van,45000,3800,False,10.6,13.6,33.4,2026-10-12T00:00,5,2.04,7.6
T0947,D0947,L001,L001,dry_van,45000,3800,False,6.4,10.9,36.2,2026-10-12T00:00,5,2.0,7.6
T0948,D0948,L001,L001,dry_van,45000,3800,False,10.5,9.4,53.3,2026-10-13T00:00,5,1.93,6.7
T0949,D0949,L029,L029,dry_van,45000,3800,True,7.0,12.7,33.2,2026-10-12T00:00,3,1.97,6.3
T0950,D0950,L015,L015,dry_van,45000,3800,False,6.4,10.6,51.2,2026-10-12T12:00,5,2.02,7.3
T0951,D0951,L018,L018,reefer,43000,3500,False,9.4,13.3,32.5,2026-10-12T12:00,5,1.88,6.3
T0952,D0952,L040,L040,dry_van,45000,3800,False,10.9,12.5,58.1,2026-10-12T08:00,3,1.73,7.6
T0953,D0953,L033,L033,dry_van,45000,3800,False,9.0,12.0,50.3,2026-10-13T00:00,5,1.75,6.6
T0954,D0954,L011,L011,dry_van,45000,3800,True,7.3,12.8,32.6,2026-10-12T12:00,3,1.87,7.6
T0955,D0955,L002,L002,reefer,43000,3500,False,9.8,12.6,30.5,2026-10-12T12:00,3,1.79,7.4
T0956,D0956,L038,L038,dry_van,45000,3800,False,8.8,12.6,42.8,2026-10-12T00:00,5,1.98,7.0
T0957,D0957,L019,L019,reefer,43000,3500,False,7.0,11.9,31.7,2026-10-12T12:00,5,1.83,7.6
T0958,D0958,L010,L010,reefer,43000,3500,False,8.3,13.5,48.1,2026-10-12T04:00,5,1.98,6.8
T0959,D0959,L039,L039,reefer,43000,3500,False,10.9,12.2,46.0,2026-10-12T04:00,3,1.85,7.5
T0960,D0960,L038,L038,dry_van,45000,3800,False,6.5,11.0,36.0,2026-10-12T00:00,5,1.74,7.0
T0961,D0961,L005,L005,reefer,43000,3500,False,7.1,11.4,58.9,2026-10-12T00:00,5,1.85,7.6
T0962,D0962,L018,L018,dry_van,45000,3800,False,6.3,10.6,49.1,2026-10-12T00:00,5,1.71,7.0
T0963,D0963,L018,L018,dry_van,45000,3800,False,9.2,10.7,42.4,2026-10-12T00:00,7,1.84,6.4
T0964,D0964,L005,L005,dry_van,45000,3800,False,9.4,9.6,52.6,2026-10-13T00:00,5,1.68,6.9
T0965,D0965,L014,L014,dry_van,45000,3800,False,10.6,13.5,55.4,2026-10-12T00:00,5,2.0,7.1
T0966,D0966,L024,L024,dry_van,45000,3800,False,10.8,12.9,52.9,2026-10-12T00:00,5,1.97,7.2
T0967,D0967,L034,L034,dry_van,45000,3800,False,7.6,13.4,45.4,2026-10-12T00:00,5,1.93,6.3
T0968,D0968,L018,L018,dry_van,45000,3800,False,7.3,11.2,61.1,2026-10-12T12:00,5,1.97,6.8
T0969,D0969,L033,L033,dry_van,45000,3800,False,7.6,13.1,49.3,2026-10-12T00:00,5,2.0,7.7
T0970,D0970,L018,L018,dry_van,45000,3800,False,10.1,12.2,68.3,2026-10-12T00:00,7,1.92,6.7
T0971,D0971,L002,L002,reefer,43000,3500,False,7.4,13.0,46.9,2026-10-12T08:00,3,1.78,6.5
T0972,D0972,L009,L009,dry_van,45000,3800,False,6.4,11.3,66.4,2026-10-12T04:00,5,1.85,6.8
T0973,D0973,L005,L005,dry_van,45000,3800,False,8.3,10.0,54.3,2026-10-12T00:00,5,1.72,6.4
T0974,D0974,L040,L040,dry_van,45000,3800,False,8.4,9.7,63.3,2026-10-12T08:00,5,1.9,7.2
T0975,D0975,L028,L028,dry_van,45000,3800,False,9.8,12.2,43.0,2026-10-13T00:00,7,1.67,7.0
T0976,D0976,L032,L032,reefer,43000,3500,False,6.7,9.5,36.5,2026-10-12T00:00,5,1.69,6.8
T0977,D0977,L012,L012,dry_van,45000,3800,False,8.5,11.7,51.0,2026-10-12T00:00,5,1.96,7.1
T0978,D0978,L003,L003,dry_van,45000,3800,False,10.6,10.3,39.6,2026-10-13T00:00,7,1.66,7.2
T0979,D0979,L031,L031,dry_van,45000,3800,True,7.2,9.8,64.8,2026-10-13T00:00,7,1.79,6.8
T0980,D0980,L027,L027,dry_van,45000,3800,False,8.5,12.3,57.9,2026-10-12T00:00,7,1.68,6.5
T0981,D0981,L001,L001,dry_van,45000,3800,False,9.5,11.9,44.7,2026-10-12T00:00,5,1.83,6.4
T0982,D0982,L001,L001,dry_van,45000,3800,False,8.8,11.6,36.4,2026-10-12T00:00,5,1.99,6.6
T0983,D0983,L006,L006,reefer,43000,3500,False,7.4,9.1,54.1,2026-10-12T12:00,7,2.0,6.5
T0984,D0984,L004,L004,dry_van,45000,3800,False,7.0,12.8,59.4,2026-10-13T00:00,5,2.02,7.3
T0985,D0985,L038,L038,reefer,43000,3500,False,9.2,10.1,65.6,2026-10-12T00:00,5,1.75,6.2
T0986,D0986,L001,L001,reefer,43000,3500,False,8.5,12.6,58.8,2026-10-12T00:00,5,2.09,7.2
T0987,D0987,L005,L005,dry_van,45000,3800,False,10.0,12.3,67.5,2026-10-12T00:00,3,1.93,7.6
T0988,D0988,L036,L036,dry_van,45000,3800,False,10.7,10.5,45.3,2026-10-12T00:00,7,2.08,6.4
T0989,D0989,L012,L012,dry_van,45000,3800,False,10.4,9.4,46.7,2026-10-12T12:00,3,1.78,6.3
T0990,D0990,L004,L004,dry_van,45000,3800,False,10.6,9.6,55.5,2026-10-13T00:00,3,2.05,7.7
T0991,D0991,L006,L006,dry_van,45000,3800,False,10.3,11.9,52.3,2026-10-12T04:00,5,1.66,7.1
T0992,D0992,L002,L002,dry_van,45000,3800,False,9.4,9.1,49.9,2026-10-12T04:00,5,1.84,7.8
T0993,D0993,L024,L024,dry_van,45000,3800,True,10.4,12.5,58.8,2026-10-13T00:00,5,2.01,6.2
T0994,D0994,L008,L008,reefer,43000,3500,False,10.1,14.0,31.8,2026-10-12T04:00,7,2.03,6.9
T0995,D0995,L039,L039,dry_van,45000,3800,False,9.7,10.4,33.5,2026-10-13T00:00,5,1.86,7.0
T0996,D0996,L005,L005,dry_van,45000,3800,False,8.7,10.6,55.6,2026-10-12T08:00,5,1.73,6.8
T0997,D0997,L017,L017,dry_van,45000,3800,False,9.4,13.4,57.0,2026-10-13T00:00,5,1.81,6.9
T0998,D0998,L025,L025,reefer,43000,3500,False,9.2,11.3,51.6,2026-10-12T00:00,5,2.05,6.7
T0999,D0999,L038,L038,flatbed,48000,0,False,8.7,13.2,36.4,2026-10-12T00:00,7,1.71,7.5
T1000,D1000,L006,L006,dry_van,45000,3800,False,10.4,14.0,51.8,2026-10-12T04:00,7,1.7,6.2
